year,month_number,month_name,total_orders,net_product_sales_miliar,profit_juta
2025,1,January,860,1.065563,295.865
2025,2,February,820,1.164037,316.148
2025,3,March,911,1.372151,388.578
2025,4,April,812,1.126567,315.696
2025,5,May,837,1.082314,303.5
2025,6,June,810,1.12694,310.891
2025,7,July,876,1.343297,392.32
2025,8,August,866,1.050516,308.397
2025,9,September,852,1.117214,308.355
2025,10,October,860,1.186613,327.582
2025,11,November,1163,1.745798,495.191
2025,12,December,1171,1.571306,454.332
2026,1,January,967,1.430598,398.793
2026,2,February,877,1.36844,381.014
2026,3,March,963,1.36089,377.673
2026,4,April,928,1.231791,335.781
2026,5,May,1016,1.335805,365.983
2026,6,June,960,1.35599,369.197
2026,7,July,986,1.425473,386.728
2026,8,August,980,1.414679,395.816
2026,9,September,712,0.982331,266.823
