product_id,product_name,brand,category,product_status
PROD00001,Nusa Keyboard Series 001,Nusa,Elektronik,ACTIVE
PROD00002,Ravena Lampu LED Series 002,Ravena,Elektronik,ACTIVE
PROD00003,Soluna Earphone Series 003,Soluna,Elektronik,ACTIVE
PROD00004,Nusa Mouse Series 004,Nusa,Elektronik,ACTIVE
PROD00005,Arunika Keyboard Series 005,Arunika,Elektronik,ACTIVE
PROD00006,Mavera Lampu LED Series 006,Mavera,Elektronik,ACTIVE
PROD00007,Nusa Mouse Series 007,Nusa,Elektronik,ACTIVE
PROD00008,Soluna Keyboard Series 008,Soluna,Elektronik,ACTIVE
PROD00009,Nusa Mouse Series 009,Nusa,Elektronik,ACTIVE
PROD00010,Kirana Speaker Mini Series 010,Kirana,Elektronik,ACTIVE
PROD00011,Avero Keyboard Series 011,Avero,Elektronik,ACTIVE
PROD00012,Kirana Mouse Series 012,Kirana,Elektronik,ACTIVE
PROD00013,Velora Mouse Series 013,Velora,Elektronik,ACTIVE
PROD00014,Ravena Mouse Series 014,Ravena,Elektronik,ACTIVE
PROD00015,Avero Lampu LED Series 015,Avero,Elektronik,ACTIVE
PROD00016,Mavera Earphone Series 016,Mavera,Elektronik,ACTIVE
PROD00017,Pradana Kabel Data Series 017,Pradana,Elektronik,ACTIVE
PROD00018,Arunika Power Bank Series 018,Arunika,Elektronik,ACTIVE
PROD00019,Avero Speaker Mini Series 019,Avero,Elektronik,ACTIVE
PROD00020,Soluna Charger Series 020,Soluna,Elektronik,ACTIVE
PROD00021,Elvano Mouse Series 021,Elvano,Elektronik,ACTIVE
PROD00022,Avero Keyboard Series 022,Avero,Elektronik,ACTIVE
PROD00023,Soluna Keyboard Series 023,Soluna,Elektronik,ACTIVE
PROD00024,Elvano Mouse Series 024,Elvano,Elektronik,ACTIVE
PROD00025,Elvano Mouse Series 025,Elvano,Elektronik,ACTIVE
PROD00026,Kirana Kabel Data Series 026,Kirana,Elektronik,ACTIVE
PROD00027,Pradana Keyboard Series 027,Pradana,Elektronik,ACTIVE
PROD00028,Avero Lampu LED Series 028,Avero,Elektronik,ACTIVE
PROD00029,Ravena Keyboard Series 029,Ravena,Elektronik,ACTIVE
PROD00030,Soluna Keyboard Series 030,Soluna,Elektronik,ACTIVE
PROD00031,Avero Kabel Data Series 031,Avero,Elektronik,ACTIVE
PROD00032,Pradana Speaker Mini Series 032,Pradana,Elektronik,ACTIVE
PROD00033,Nusa Charger Series 033,Nusa,Elektronik,ACTIVE
PROD00034,Elvano Earphone Series 034,Elvano,Elektronik,ACTIVE
PROD00035,Avero Lampu LED Series 035,Avero,Elektronik,ACTIVE
PROD00036,Pradana Charger Series 036,Pradana,Elektronik,ACTIVE
PROD00037,Kirana Power Bank Series 037,Kirana,Elektronik,ACTIVE
PROD00038,Soluna Kabel Data Series 038,Soluna,Elektronik,ACTIVE
PROD00039,Arunika Power Bank Series 039,Arunika,Elektronik,ACTIVE
PROD00040,Elvano Lampu LED Series 040,Elvano,Elektronik,ACTIVE
PROD00041,Elvano Power Bank Series 041,Elvano,Elektronik,ACTIVE
PROD00042,Elvano Kabel Data Series 042,Elvano,Elektronik,ACTIVE
PROD00043,Pradana Power Bank Series 043,Pradana,Elektronik,ACTIVE
PROD00044,Nusa Speaker Mini Series 044,Nusa,Elektronik,ACTIVE
PROD00045,Nusa Earphone Series 045,Nusa,Elektronik,ACTIVE
PROD00046,Ravena Kabel Data Series 046,Ravena,Elektronik,ACTIVE
PROD00047,Velora Power Bank Series 047,Velora,Elektronik,ACTIVE
PROD00048,Pradana Power Bank Series 048,Pradana,Elektronik,ACTIVE
PROD00049,Mavera Mouse Series 049,Mavera,Elektronik,ACTIVE
PROD00050,Nusa Kabel Data Series 050,Nusa,Elektronik,ACTIVE
PROD00051,Arunika Kabel Data Series 051,Arunika,Elektronik,ACTIVE
PROD00052,Soluna Kabel Data Series 052,Soluna,Elektronik,ACTIVE
PROD00053,Pradana Mouse Series 053,Pradana,Elektronik,ACTIVE
PROD00054,Pradana Earphone Series 054,Pradana,Elektronik,ACTIVE
PROD00055,Arunika Keyboard Series 055,Arunika,Elektronik,ACTIVE
PROD00056,Mavera Power Bank Series 056,Mavera,Elektronik,ACTIVE
PROD00057,Avero Earphone Series 057,Avero,Elektronik,ACTIVE
PROD00058,Arunika Earphone Series 058,Arunika,Elektronik,ACTIVE
PROD00059,Pradana Charger Series 059,Pradana,Elektronik,ACTIVE
PROD00060,Arunika Speaker Mini Series 060,Arunika,Elektronik,ACTIVE
PROD00061,Arunika Kabel Data Series 061,Arunika,Elektronik,ACTIVE
PROD00062,Soluna Speaker Mini Series 062,Soluna,Elektronik,ACTIVE
PROD00063,Soluna Kabel Data Series 063,Soluna,Elektronik,ACTIVE
PROD00064,Arunika Earphone Series 064,Arunika,Elektronik,ACTIVE
PROD00065,Nusa Power Bank Series 065,Nusa,Elektronik,ACTIVE
PROD00066,Mavera Speaker Mini Series 066,Mavera,Elektronik,ACTIVE
PROD00067,Soluna Mouse Series 067,Soluna,Elektronik,ACTIVE
PROD00068,Velora Kabel Data Series 068,Velora,Elektronik,ACTIVE
PROD00069,Mavera Charger Series 069,Mavera,Elektronik,ACTIVE
PROD00070,Elvano Lampu LED Series 070,Elvano,Elektronik,ACTIVE
PROD00071,Velora Speaker Mini Series 071,Velora,Elektronik,ACTIVE
PROD00072,Elvano Speaker Mini Series 072,Elvano,Elektronik,ACTIVE
PROD00073,Arunika Charger Series 073,Arunika,Elektronik,ACTIVE
PROD00074,Avero Speaker Mini Series 074,Avero,Elektronik,ACTIVE
PROD00075,Mavera Kabel Data Series 075,Mavera,Elektronik,ACTIVE
PROD00076,Arunika Earphone Series 076,Arunika,Elektronik,ACTIVE
PROD00077,Ravena Lampu LED Series 077,Ravena,Elektronik,ACTIVE
PROD00078,Velora Power Bank Series 078,Velora,Elektronik,ACTIVE
PROD00079,Pradana Speaker Mini Series 079,Pradana,Elektronik,ACTIVE
PROD00080,Mavera Power Bank Series 080,Mavera,Elektronik,ACTIVE
PROD00081,Nusa Charger Series 081,Nusa,Elektronik,ACTIVE
PROD00082,Kirana Lampu LED Series 082,Kirana,Elektronik,ACTIVE
PROD00083,Avero Speaker Mini Series 083,Avero,Elektronik,ACTIVE
PROD00084,Soluna Power Bank Series 084,Soluna,Elektronik,ACTIVE
PROD00085,Kirana Charger Series 085,Kirana,Elektronik,ACTIVE
PROD00086,Soluna Lampu LED Series 086,Soluna,Elektronik,ACTIVE
PROD00087,Nusa Lampu LED Series 087,Nusa,Elektronik,ACTIVE
PROD00088,Mavera Kabel Data Series 088,Mavera,Elektronik,ACTIVE
PROD00089,Nusa Power Bank Series 089,Nusa,Elektronik,ACTIVE
PROD00090,Avero Kabel Data Series 090,Avero,Elektronik,ACTIVE
PROD00091,Arunika Earphone Series 091,Arunika,Elektronik,ACTIVE
PROD00092,Elvano Kabel Data Series 092,Elvano,Elektronik,ACTIVE
PROD00093,Arunika Lampu LED Series 093,Arunika,Elektronik,ACTIVE
PROD00094,Velora Lampu LED Series 094,Velora,Elektronik,ACTIVE
PROD00095,Ravena Keyboard Series 095,Ravena,Elektronik,ACTIVE
PROD00096,Soluna Lampu LED Series 096,Soluna,Elektronik,ACTIVE
PROD00097,Soluna Charger Series 097,Soluna,Elektronik,ACTIVE
PROD00098,Soluna Power Bank Series 098,Soluna,Elektronik,ACTIVE
PROD00099,Elvano Speaker Mini Series 099,Elvano,Elektronik,ACTIVE
PROD00100,Nusa Speaker Mini Series 100,Nusa,Elektronik,ACTIVE
PROD00101,Nusa Kaos Series 001,Nusa,Fashion,ACTIVE
PROD00102,Soluna Kaos Series 002,Soluna,Fashion,ACTIVE
PROD00103,Pradana Sandal Series 003,Pradana,Fashion,ACTIVE
PROD00104,Avero Tas Series 004,Avero,Fashion,ACTIVE
PROD00105,Arunika Jaket Series 005,Arunika,Fashion,ACTIVE
PROD00106,Kirana Kemeja Series 006,Kirana,Fashion,ACTIVE
PROD00107,Elvano Kemeja Series 007,Elvano,Fashion,ACTIVE
PROD00108,Pradana Sandal Series 008,Pradana,Fashion,ACTIVE
PROD00109,Arunika Tas Series 009,Arunika,Fashion,ACTIVE
PROD00110,Soluna Kaos Series 010,Soluna,Fashion,ACTIVE
PROD00111,Nusa Jaket Series 011,Nusa,Fashion,ACTIVE
PROD00112,Avero Kemeja Series 012,Avero,Fashion,ACTIVE
PROD00113,Soluna Jaket Series 013,Soluna,Fashion,ACTIVE
PROD00114,Elvano Sandal Series 014,Elvano,Fashion,ACTIVE
PROD00115,Arunika Kaos Series 015,Arunika,Fashion,ACTIVE
PROD00116,Arunika Topi Series 016,Arunika,Fashion,ACTIVE
PROD00117,Soluna Topi Series 017,Soluna,Fashion,ACTIVE
PROD00118,Arunika Sandal Series 018,Arunika,Fashion,ACTIVE
PROD00119,Nusa Tas Series 019,Nusa,Fashion,ACTIVE
PROD00120,Soluna Sepatu Series 020,Soluna,Fashion,ACTIVE
PROD00121,Soluna Sandal Series 021,Soluna,Fashion,ACTIVE
PROD00122,Soluna Sandal Series 022,Soluna,Fashion,ACTIVE
PROD00123,Avero Kemeja Series 023,Avero,Fashion,ACTIVE
PROD00124,Ravena Tas Series 024,Ravena,Fashion,ACTIVE
PROD00125,Ravena Sandal Series 025,Ravena,Fashion,ACTIVE
PROD00126,Pradana Tas Series 026,Pradana,Fashion,ACTIVE
PROD00127,Pradana Topi Series 027,Pradana,Fashion,ACTIVE
PROD00128,Ravena Celana Series 028,Ravena,Fashion,ACTIVE
PROD00129,Elvano Sepatu Series 029,Elvano,Fashion,ACTIVE
PROD00130,Ravena Kemeja Series 030,Ravena,Fashion,ACTIVE
PROD00131,Mavera Kemeja Series 031,Mavera,Fashion,ACTIVE
PROD00132,Pradana Tas Series 032,Pradana,Fashion,ACTIVE
PROD00133,Arunika Celana Series 033,Arunika,Fashion,ACTIVE
PROD00134,Elvano Jaket Series 034,Elvano,Fashion,ACTIVE
PROD00135,Pradana Tas Series 035,Pradana,Fashion,ACTIVE
PROD00136,Velora Topi Series 036,Velora,Fashion,ACTIVE
PROD00137,Kirana Celana Series 037,Kirana,Fashion,ACTIVE
PROD00138,Mavera Kemeja Series 038,Mavera,Fashion,ACTIVE
PROD00139,Elvano Kemeja Series 039,Elvano,Fashion,ACTIVE
PROD00140,Elvano Topi Series 040,Elvano,Fashion,ACTIVE
PROD00141,Elvano Kemeja Series 041,Elvano,Fashion,ACTIVE
PROD00142,Nusa Jaket Series 042,Nusa,Fashion,ACTIVE
PROD00143,Avero Tas Series 043,Avero,Fashion,ACTIVE
PROD00144,Nusa Celana Series 044,Nusa,Fashion,ACTIVE
PROD00145,Soluna Sandal Series 045,Soluna,Fashion,ACTIVE
PROD00146,Soluna Sandal Series 046,Soluna,Fashion,ACTIVE
PROD00147,Nusa Tas Series 047,Nusa,Fashion,ACTIVE
PROD00148,Arunika Topi Series 048,Arunika,Fashion,ACTIVE
PROD00149,Mavera Sepatu Series 049,Mavera,Fashion,ACTIVE
PROD00150,Kirana Kaos Series 050,Kirana,Fashion,ACTIVE
PROD00151,Kirana Jaket Series 051,Kirana,Fashion,ACTIVE
PROD00152,Nusa Topi Series 052,Nusa,Fashion,ACTIVE
PROD00153,Velora Tas Series 053,Velora,Fashion,ACTIVE
PROD00154,Pradana Kaos Series 054,Pradana,Fashion,ACTIVE
PROD00155,Pradana Jaket Series 055,Pradana,Fashion,ACTIVE
PROD00156,Mavera Jaket Series 056,Mavera,Fashion,ACTIVE
PROD00157,Velora Jaket Series 057,Velora,Fashion,ACTIVE
PROD00158,Elvano Kaos Series 058,Elvano,Fashion,ACTIVE
PROD00159,Arunika Tas Series 059,Arunika,Fashion,ACTIVE
PROD00160,Avero Jaket Series 060,Avero,Fashion,ACTIVE
PROD00161,Elvano Jaket Series 061,Elvano,Fashion,ACTIVE
PROD00162,Arunika Sepatu Series 062,Arunika,Fashion,ACTIVE
PROD00163,Velora Topi Series 063,Velora,Fashion,ACTIVE
PROD00164,Arunika Kemeja Series 064,Arunika,Fashion,ACTIVE
PROD00165,Kirana Sandal Series 065,Kirana,Fashion,ACTIVE
PROD00166,Avero Kaos Series 066,Avero,Fashion,ACTIVE
PROD00167,Ravena Topi Series 067,Ravena,Fashion,ACTIVE
PROD00168,Arunika Topi Series 068,Arunika,Fashion,ACTIVE
PROD00169,Avero Topi Series 069,Avero,Fashion,ACTIVE
PROD00170,Velora Jaket Series 070,Velora,Fashion,ACTIVE
PROD00171,Arunika Celana Series 071,Arunika,Fashion,ACTIVE
PROD00172,Nusa Kaos Series 072,Nusa,Fashion,ACTIVE
PROD00173,Soluna Jaket Series 073,Soluna,Fashion,ACTIVE
PROD00174,Velora Kemeja Series 074,Velora,Fashion,ACTIVE
PROD00175,Arunika Sandal Series 075,Arunika,Fashion,ACTIVE
PROD00176,Velora Topi Series 076,Velora,Fashion,ACTIVE
PROD00177,Mavera Tas Series 077,Mavera,Fashion,ACTIVE
PROD00178,Arunika Tas Series 078,Arunika,Fashion,ACTIVE
PROD00179,Velora Celana Series 079,Velora,Fashion,ACTIVE
PROD00180,Avero Kaos Series 080,Avero,Fashion,ACTIVE
PROD00181,Ravena Sandal Series 081,Ravena,Fashion,ACTIVE
PROD00182,Nusa Sepatu Series 082,Nusa,Fashion,ACTIVE
PROD00183,Soluna Kemeja Series 083,Soluna,Fashion,ACTIVE
PROD00184,Nusa Jaket Series 084,Nusa,Fashion,ACTIVE
PROD00185,Kirana Tas Series 085,Kirana,Fashion,ACTIVE
PROD00186,Arunika Kaos Series 086,Arunika,Fashion,ACTIVE
PROD00187,Ravena Topi Series 087,Ravena,Fashion,ACTIVE
PROD00188,Ravena Celana Series 088,Ravena,Fashion,ACTIVE
PROD00189,Nusa Kemeja Series 089,Nusa,Fashion,ACTIVE
PROD00190,Avero Sandal Series 090,Avero,Fashion,ACTIVE
PROD00191,Velora Topi Series 091,Velora,Fashion,ACTIVE
PROD00192,Arunika Tas Series 092,Arunika,Fashion,ACTIVE
PROD00193,Ravena Sandal Series 093,Ravena,Fashion,ACTIVE
PROD00194,Velora Kaos Series 094,Velora,Fashion,ACTIVE
PROD00195,Arunika Kemeja Series 095,Arunika,Fashion,ACTIVE
PROD00196,Nusa Kemeja Series 096,Nusa,Fashion,ACTIVE
PROD00197,Kirana Kaos Series 097,Kirana,Fashion,ACTIVE
PROD00198,Elvano Sepatu Series 098,Elvano,Fashion,ACTIVE
PROD00199,Arunika Kemeja Series 099,Arunika,Fashion,ACTIVE
PROD00200,Mavera Celana Series 100,Mavera,Fashion,ACTIVE
PROD00201,Nusa Rak Serbaguna Series 001,Nusa,Rumah Tangga,ACTIVE
PROD00202,Avero Bantal Series 002,Avero,Rumah Tangga,ACTIVE
PROD00203,Pradana Keset Series 003,Pradana,Rumah Tangga,ACTIVE
PROD00204,Arunika Sprei Series 004,Arunika,Rumah Tangga,ACTIVE
PROD00205,Kirana Wadah Makan Series 005,Kirana,Rumah Tangga,ACTIVE
PROD00206,Ravena Kotak Penyimpanan Series 006,Ravena,Rumah Tangga,ACTIVE
PROD00207,Arunika Wadah Makan Series 007,Arunika,Rumah Tangga,ACTIVE
PROD00208,Avero Keset Series 008,Avero,Rumah Tangga,ACTIVE
PROD00209,Soluna Sprei Series 009,Soluna,Rumah Tangga,ACTIVE
PROD00210,Arunika Rak Serbaguna Series 010,Arunika,Rumah Tangga,ACTIVE
PROD00211,Mavera Sprei Series 011,Mavera,Rumah Tangga,ACTIVE
PROD00212,Pradana Keset Series 012,Pradana,Rumah Tangga,ACTIVE
PROD00213,Kirana Botol Minum Series 013,Kirana,Rumah Tangga,ACTIVE
PROD00214,Elvano Handuk Series 014,Elvano,Rumah Tangga,ACTIVE
PROD00215,Velora Botol Minum Series 015,Velora,Rumah Tangga,ACTIVE
PROD00216,Kirana Kotak Penyimpanan Series 016,Kirana,Rumah Tangga,ACTIVE
PROD00217,Avero Rak Serbaguna Series 017,Avero,Rumah Tangga,ACTIVE
PROD00218,Avero Wadah Makan Series 018,Avero,Rumah Tangga,ACTIVE
PROD00219,Pradana Keset Series 019,Pradana,Rumah Tangga,ACTIVE
PROD00220,Mavera Bantal Series 020,Mavera,Rumah Tangga,ACTIVE
PROD00221,Kirana Bantal Series 021,Kirana,Rumah Tangga,ACTIVE
PROD00222,Arunika Botol Minum Series 022,Arunika,Rumah Tangga,ACTIVE
PROD00223,Kirana Keset Series 023,Kirana,Rumah Tangga,ACTIVE
PROD00224,Elvano Keset Series 024,Elvano,Rumah Tangga,ACTIVE
PROD00225,Pradana Rak Serbaguna Series 025,Pradana,Rumah Tangga,ACTIVE
PROD00226,Soluna Kotak Penyimpanan Series 026,Soluna,Rumah Tangga,ACTIVE
PROD00227,Mavera Handuk Series 027,Mavera,Rumah Tangga,ACTIVE
PROD00228,Arunika Wadah Makan Series 028,Arunika,Rumah Tangga,ACTIVE
PROD00229,Avero Kotak Penyimpanan Series 029,Avero,Rumah Tangga,ACTIVE
PROD00230,Kirana Wadah Makan Series 030,Kirana,Rumah Tangga,ACTIVE
PROD00231,Avero Sprei Series 031,Avero,Rumah Tangga,ACTIVE
PROD00232,Nusa Wadah Makan Series 032,Nusa,Rumah Tangga,ACTIVE
PROD00233,Arunika Kotak Penyimpanan Series 033,Arunika,Rumah Tangga,ACTIVE
PROD00234,Kirana Kotak Penyimpanan Series 034,Kirana,Rumah Tangga,ACTIVE
PROD00235,Elvano Bantal Series 035,Elvano,Rumah Tangga,ACTIVE
PROD00236,Arunika Bantal Series 036,Arunika,Rumah Tangga,ACTIVE
PROD00237,Pradana Bantal Series 037,Pradana,Rumah Tangga,ACTIVE
PROD00238,Nusa Botol Minum Series 038,Nusa,Rumah Tangga,ACTIVE
PROD00239,Nusa Keset Series 039,Nusa,Rumah Tangga,ACTIVE
PROD00240,Soluna Wadah Makan Series 040,Soluna,Rumah Tangga,ACTIVE
PROD00241,Soluna Keset Series 041,Soluna,Rumah Tangga,ACTIVE
PROD00242,Mavera Sprei Series 042,Mavera,Rumah Tangga,ACTIVE
PROD00243,Ravena Botol Minum Series 043,Ravena,Rumah Tangga,ACTIVE
PROD00244,Soluna Sprei Series 044,Soluna,Rumah Tangga,ACTIVE
PROD00245,Ravena Wadah Makan Series 045,Ravena,Rumah Tangga,ACTIVE
PROD00246,Avero Kotak Penyimpanan Series 046,Avero,Rumah Tangga,ACTIVE
PROD00247,Avero Rak Serbaguna Series 047,Avero,Rumah Tangga,ACTIVE
PROD00248,Nusa Botol Minum Series 048,Nusa,Rumah Tangga,ACTIVE
PROD00249,Pradana Keset Series 049,Pradana,Rumah Tangga,ACTIVE
PROD00250,Arunika Botol Minum Series 050,Arunika,Rumah Tangga,ACTIVE
PROD00251,Elvano Handuk Series 051,Elvano,Rumah Tangga,ACTIVE
PROD00252,Ravena Sprei Series 052,Ravena,Rumah Tangga,ACTIVE
PROD00253,Pradana Botol Minum Series 053,Pradana,Rumah Tangga,ACTIVE
PROD00254,Arunika Handuk Series 054,Arunika,Rumah Tangga,ACTIVE
PROD00255,Elvano Kotak Penyimpanan Series 055,Elvano,Rumah Tangga,ACTIVE
PROD00256,Kirana Rak Serbaguna Series 056,Kirana,Rumah Tangga,ACTIVE
PROD00257,Arunika Keset Series 057,Arunika,Rumah Tangga,ACTIVE
PROD00258,Mavera Wadah Makan Series 058,Mavera,Rumah Tangga,ACTIVE
PROD00259,Soluna Kotak Penyimpanan Series 059,Soluna,Rumah Tangga,ACTIVE
PROD00260,Elvano Rak Serbaguna Series 060,Elvano,Rumah Tangga,ACTIVE
PROD00261,Ravena Bantal Series 061,Ravena,Rumah Tangga,ACTIVE
PROD00262,Nusa Rak Serbaguna Series 062,Nusa,Rumah Tangga,ACTIVE
PROD00263,Elvano Botol Minum Series 063,Elvano,Rumah Tangga,ACTIVE
PROD00264,Kirana Sprei Series 064,Kirana,Rumah Tangga,ACTIVE
PROD00265,Mavera Botol Minum Series 065,Mavera,Rumah Tangga,ACTIVE
PROD00266,Soluna Wadah Makan Series 066,Soluna,Rumah Tangga,ACTIVE
PROD00267,Soluna Rak Serbaguna Series 067,Soluna,Rumah Tangga,ACTIVE
PROD00268,Velora Rak Serbaguna Series 068,Velora,Rumah Tangga,ACTIVE
PROD00269,Ravena Sprei Series 069,Ravena,Rumah Tangga,ACTIVE
PROD00270,Pradana Keset Series 070,Pradana,Rumah Tangga,ACTIVE
PROD00271,Nusa Keset Series 071,Nusa,Rumah Tangga,ACTIVE
PROD00272,Nusa Bantal Series 072,Nusa,Rumah Tangga,ACTIVE
PROD00273,Nusa Wadah Makan Series 073,Nusa,Rumah Tangga,ACTIVE
PROD00274,Ravena Kotak Penyimpanan Series 074,Ravena,Rumah Tangga,ACTIVE
PROD00275,Ravena Rak Serbaguna Series 075,Ravena,Rumah Tangga,ACTIVE
PROD00276,Arunika Botol Minum Series 076,Arunika,Rumah Tangga,ACTIVE
PROD00277,Nusa Rak Serbaguna Series 077,Nusa,Rumah Tangga,ACTIVE
PROD00278,Arunika Rak Serbaguna Series 078,Arunika,Rumah Tangga,ACTIVE
PROD00279,Ravena Rak Serbaguna Series 079,Ravena,Rumah Tangga,ACTIVE
PROD00280,Arunika Wadah Makan Series 080,Arunika,Rumah Tangga,ACTIVE
PROD00281,Velora Bantal Series 081,Velora,Rumah Tangga,ACTIVE
PROD00282,Kirana Bantal Series 082,Kirana,Rumah Tangga,ACTIVE
PROD00283,Elvano Rak Serbaguna Series 083,Elvano,Rumah Tangga,ACTIVE
PROD00284,Arunika Kotak Penyimpanan Series 084,Arunika,Rumah Tangga,ACTIVE
PROD00285,Elvano Handuk Series 085,Elvano,Rumah Tangga,ACTIVE
PROD00286,Elvano Sprei Series 086,Elvano,Rumah Tangga,ACTIVE
PROD00287,Arunika Botol Minum Series 087,Arunika,Rumah Tangga,ACTIVE
PROD00288,Nusa Handuk Series 088,Nusa,Rumah Tangga,ACTIVE
PROD00289,Kirana Wadah Makan Series 089,Kirana,Rumah Tangga,ACTIVE
PROD00290,Avero Kotak Penyimpanan Series 090,Avero,Rumah Tangga,ACTIVE
PROD00291,Nusa Rak Serbaguna Series 091,Nusa,Rumah Tangga,ACTIVE
PROD00292,Pradana Sprei Series 092,Pradana,Rumah Tangga,ACTIVE
PROD00293,Avero Kotak Penyimpanan Series 093,Avero,Rumah Tangga,ACTIVE
PROD00294,Soluna Kotak Penyimpanan Series 094,Soluna,Rumah Tangga,ACTIVE
PROD00295,Pradana Sprei Series 095,Pradana,Rumah Tangga,ACTIVE
PROD00296,Soluna Rak Serbaguna Series 096,Soluna,Rumah Tangga,ACTIVE
PROD00297,Arunika Botol Minum Series 097,Arunika,Rumah Tangga,ACTIVE
PROD00298,Mavera Kotak Penyimpanan Series 098,Mavera,Rumah Tangga,ACTIVE
PROD00299,Pradana Kotak Penyimpanan Series 099,Pradana,Rumah Tangga,ACTIVE
PROD00300,Soluna Rak Serbaguna Series 100,Soluna,Rumah Tangga,ACTIVE
PROD00301,Elvano Shampoo Series 001,Elvano,Kecantikan,ACTIVE
PROD00302,Nusa Body Lotion Series 002,Nusa,Kecantikan,ACTIVE
PROD00303,Velora Lip Tint Series 003,Velora,Kecantikan,ACTIVE
PROD00304,Avero Moisturizer Series 004,Avero,Kecantikan,ACTIVE
PROD00305,Avero Sunscreen Series 005,Avero,Kecantikan,ACTIVE
PROD00306,Kirana Shampoo Series 006,Kirana,Kecantikan,ACTIVE
PROD00307,Pradana Shampoo Series 007,Pradana,Kecantikan,ACTIVE
PROD00308,Nusa Facial Wash Series 008,Nusa,Kecantikan,ACTIVE
PROD00309,Nusa Conditioner Series 009,Nusa,Kecantikan,ACTIVE
PROD00310,Elvano Conditioner Series 010,Elvano,Kecantikan,ACTIVE
PROD00311,Nusa Lip Tint Series 011,Nusa,Kecantikan,ACTIVE
PROD00312,Kirana Shampoo Series 012,Kirana,Kecantikan,ACTIVE
PROD00313,Soluna Shampoo Series 013,Soluna,Kecantikan,ACTIVE
PROD00314,Kirana Serum Series 014,Kirana,Kecantikan,ACTIVE
PROD00315,Soluna Conditioner Series 015,Soluna,Kecantikan,ACTIVE
PROD00316,Avero Body Lotion Series 016,Avero,Kecantikan,ACTIVE
PROD00317,Soluna Serum Series 017,Soluna,Kecantikan,ACTIVE
PROD00318,Avero Facial Wash Series 018,Avero,Kecantikan,ACTIVE
PROD00319,Velora Conditioner Series 019,Velora,Kecantikan,ACTIVE
PROD00320,Mavera Lip Tint Series 020,Mavera,Kecantikan,ACTIVE
PROD00321,Ravena Conditioner Series 021,Ravena,Kecantikan,ACTIVE
PROD00322,Arunika Conditioner Series 022,Arunika,Kecantikan,ACTIVE
PROD00323,Pradana Body Lotion Series 023,Pradana,Kecantikan,ACTIVE
PROD00324,Elvano Conditioner Series 024,Elvano,Kecantikan,ACTIVE
PROD00325,Nusa Body Lotion Series 025,Nusa,Kecantikan,ACTIVE
PROD00326,Ravena Shampoo Series 026,Ravena,Kecantikan,ACTIVE
PROD00327,Soluna Facial Wash Series 027,Soluna,Kecantikan,ACTIVE
PROD00328,Mavera Serum Series 028,Mavera,Kecantikan,ACTIVE
PROD00329,Kirana Moisturizer Series 029,Kirana,Kecantikan,ACTIVE
PROD00330,Avero Shampoo Series 030,Avero,Kecantikan,ACTIVE
PROD00331,Nusa Serum Series 031,Nusa,Kecantikan,ACTIVE
PROD00332,Pradana Sunscreen Series 032,Pradana,Kecantikan,ACTIVE
PROD00333,Velora Moisturizer Series 033,Velora,Kecantikan,ACTIVE
PROD00334,Kirana Body Lotion Series 034,Kirana,Kecantikan,ACTIVE
PROD00335,Kirana Lip Tint Series 035,Kirana,Kecantikan,ACTIVE
PROD00336,Arunika Lip Tint Series 036,Arunika,Kecantikan,ACTIVE
PROD00337,Arunika Shampoo Series 037,Arunika,Kecantikan,ACTIVE
PROD00338,Velora Lip Tint Series 038,Velora,Kecantikan,ACTIVE
PROD00339,Ravena Conditioner Series 039,Ravena,Kecantikan,ACTIVE
PROD00340,Avero Shampoo Series 040,Avero,Kecantikan,ACTIVE
PROD00341,Arunika Moisturizer Series 041,Arunika,Kecantikan,ACTIVE
PROD00342,Kirana Lip Tint Series 042,Kirana,Kecantikan,ACTIVE
PROD00343,Pradana Facial Wash Series 043,Pradana,Kecantikan,ACTIVE
PROD00344,Mavera Lip Tint Series 044,Mavera,Kecantikan,ACTIVE
PROD00345,Velora Shampoo Series 045,Velora,Kecantikan,ACTIVE
PROD00346,Velora Body Lotion Series 046,Velora,Kecantikan,ACTIVE
PROD00347,Kirana Body Lotion Series 047,Kirana,Kecantikan,ACTIVE
PROD00348,Soluna Body Lotion Series 048,Soluna,Kecantikan,ACTIVE
PROD00349,Kirana Moisturizer Series 049,Kirana,Kecantikan,ACTIVE
PROD00350,Pradana Body Lotion Series 050,Pradana,Kecantikan,ACTIVE
PROD00351,Elvano Serum Series 051,Elvano,Kecantikan,ACTIVE
PROD00352,Pradana Facial Wash Series 052,Pradana,Kecantikan,ACTIVE
PROD00353,Mavera Lip Tint Series 053,Mavera,Kecantikan,ACTIVE
PROD00354,Elvano Shampoo Series 054,Elvano,Kecantikan,ACTIVE
PROD00355,Soluna Facial Wash Series 055,Soluna,Kecantikan,ACTIVE
PROD00356,Nusa Sunscreen Series 056,Nusa,Kecantikan,ACTIVE
PROD00357,Elvano Moisturizer Series 057,Elvano,Kecantikan,ACTIVE
PROD00358,Nusa Facial Wash Series 058,Nusa,Kecantikan,ACTIVE
PROD00359,Ravena Facial Wash Series 059,Ravena,Kecantikan,ACTIVE
PROD00360,Soluna Shampoo Series 060,Soluna,Kecantikan,ACTIVE
PROD00361,Elvano Lip Tint Series 061,Elvano,Kecantikan,ACTIVE
PROD00362,Mavera Serum Series 062,Mavera,Kecantikan,ACTIVE
PROD00363,Nusa Facial Wash Series 063,Nusa,Kecantikan,ACTIVE
PROD00364,Velora Moisturizer Series 064,Velora,Kecantikan,ACTIVE
PROD00365,Nusa Shampoo Series 065,Nusa,Kecantikan,ACTIVE
PROD00366,Avero Sunscreen Series 066,Avero,Kecantikan,ACTIVE
PROD00367,Elvano Conditioner Series 067,Elvano,Kecantikan,ACTIVE
PROD00368,Kirana Serum Series 068,Kirana,Kecantikan,ACTIVE
PROD00369,Elvano Moisturizer Series 069,Elvano,Kecantikan,ACTIVE
PROD00370,Nusa Sunscreen Series 070,Nusa,Kecantikan,ACTIVE
PROD00371,Ravena Lip Tint Series 071,Ravena,Kecantikan,ACTIVE
PROD00372,Mavera Body Lotion Series 072,Mavera,Kecantikan,ACTIVE
PROD00373,Velora Moisturizer Series 073,Velora,Kecantikan,ACTIVE
PROD00374,Velora Facial Wash Series 074,Velora,Kecantikan,ACTIVE
PROD00375,Pradana Facial Wash Series 075,Pradana,Kecantikan,ACTIVE
PROD00376,Nusa Body Lotion Series 076,Nusa,Kecantikan,ACTIVE
PROD00377,Kirana Sunscreen Series 077,Kirana,Kecantikan,ACTIVE
PROD00378,Arunika Facial Wash Series 078,Arunika,Kecantikan,ACTIVE
PROD00379,Pradana Moisturizer Series 079,Pradana,Kecantikan,ACTIVE
PROD00380,Arunika Lip Tint Series 080,Arunika,Kecantikan,ACTIVE
PROD00381,Mavera Facial Wash Series 081,Mavera,Kecantikan,ACTIVE
PROD00382,Elvano Sunscreen Series 082,Elvano,Kecantikan,ACTIVE
PROD00383,Kirana Serum Series 083,Kirana,Kecantikan,ACTIVE
PROD00384,Nusa Shampoo Series 084,Nusa,Kecantikan,ACTIVE
PROD00385,Kirana Facial Wash Series 085,Kirana,Kecantikan,ACTIVE
PROD00386,Mavera Facial Wash Series 086,Mavera,Kecantikan,ACTIVE
PROD00387,Nusa Facial Wash Series 087,Nusa,Kecantikan,ACTIVE
PROD00388,Elvano Sunscreen Series 088,Elvano,Kecantikan,ACTIVE
PROD00389,Pradana Conditioner Series 089,Pradana,Kecantikan,ACTIVE
PROD00390,Avero Shampoo Series 090,Avero,Kecantikan,ACTIVE
PROD00391,Pradana Lip Tint Series 091,Pradana,Kecantikan,ACTIVE
PROD00392,Elvano Facial Wash Series 092,Elvano,Kecantikan,ACTIVE
PROD00393,Pradana Moisturizer Series 093,Pradana,Kecantikan,ACTIVE
PROD00394,Mavera Facial Wash Series 094,Mavera,Kecantikan,ACTIVE
PROD00395,Arunika Conditioner Series 095,Arunika,Kecantikan,ACTIVE
PROD00396,Mavera Shampoo Series 096,Mavera,Kecantikan,ACTIVE
PROD00397,Avero Serum Series 097,Avero,Kecantikan,ACTIVE
PROD00398,Mavera Body Lotion Series 098,Mavera,Kecantikan,ACTIVE
PROD00399,Arunika Sunscreen Series 099,Arunika,Kecantikan,ACTIVE
PROD00400,Arunika Shampoo Series 100,Arunika,Kecantikan,ACTIVE
PROD00401,Nusa Kaos Olahraga Series 001,Nusa,Olahraga,ACTIVE
PROD00402,Kirana Kaos Olahraga Series 002,Kirana,Olahraga,ACTIVE
PROD00403,Kirana Skipping Rope Series 003,Kirana,Olahraga,ACTIVE
PROD00404,Elvano Hand Grip Series 004,Elvano,Olahraga,ACTIVE
PROD00405,Elvano Botol Sport Series 005,Elvano,Olahraga,ACTIVE
PROD00406,Soluna Hand Grip Series 006,Soluna,Olahraga,ACTIVE
PROD00407,Kirana Resistance Band Series 007,Kirana,Olahraga,ACTIVE
PROD00408,Soluna Sarung Tangan Gym Series 008,Soluna,Olahraga,ACTIVE
PROD00409,Avero Hand Grip Series 009,Avero,Olahraga,ACTIVE
PROD00410,Kirana Hand Grip Series 010,Kirana,Olahraga,ACTIVE
PROD00411,Soluna Botol Sport Series 011,Soluna,Olahraga,ACTIVE
PROD00412,Arunika Sarung Tangan Gym Series 012,Arunika,Olahraga,ACTIVE
PROD00413,Arunika Skipping Rope Series 013,Arunika,Olahraga,ACTIVE
PROD00414,Nusa Tas Gym Series 014,Nusa,Olahraga,ACTIVE
PROD00415,Soluna Matras Yoga Series 015,Soluna,Olahraga,ACTIVE
PROD00416,Avero Skipping Rope Series 016,Avero,Olahraga,ACTIVE
PROD00417,Avero Sarung Tangan Gym Series 017,Avero,Olahraga,ACTIVE
PROD00418,Nusa Kaos Olahraga Series 018,Nusa,Olahraga,ACTIVE
PROD00419,Ravena Hand Grip Series 019,Ravena,Olahraga,ACTIVE
PROD00420,Avero Matras Yoga Series 020,Avero,Olahraga,ACTIVE
PROD00421,Ravena Kaos Olahraga Series 021,Ravena,Olahraga,ACTIVE
PROD00422,Avero Tas Gym Series 022,Avero,Olahraga,ACTIVE
PROD00423,Pradana Skipping Rope Series 023,Pradana,Olahraga,ACTIVE
PROD00424,Velora Resistance Band Series 024,Velora,Olahraga,ACTIVE
PROD00425,Ravena Skipping Rope Series 025,Ravena,Olahraga,ACTIVE
PROD00426,Avero Matras Yoga Series 026,Avero,Olahraga,ACTIVE
PROD00427,Ravena Botol Sport Series 027,Ravena,Olahraga,ACTIVE
PROD00428,Elvano Matras Yoga Series 028,Elvano,Olahraga,ACTIVE
PROD00429,Velora Hand Grip Series 029,Velora,Olahraga,ACTIVE
PROD00430,Nusa Sarung Tangan Gym Series 030,Nusa,Olahraga,ACTIVE
PROD00431,Pradana Tas Gym Series 031,Pradana,Olahraga,ACTIVE
PROD00432,Kirana Resistance Band Series 032,Kirana,Olahraga,ACTIVE
PROD00433,Mavera Matras Yoga Series 033,Mavera,Olahraga,ACTIVE
PROD00434,Arunika Skipping Rope Series 034,Arunika,Olahraga,ACTIVE
PROD00435,Kirana Hand Grip Series 035,Kirana,Olahraga,ACTIVE
PROD00436,Avero Skipping Rope Series 036,Avero,Olahraga,ACTIVE
PROD00437,Mavera Kaos Olahraga Series 037,Mavera,Olahraga,ACTIVE
PROD00438,Ravena Sarung Tangan Gym Series 038,Ravena,Olahraga,ACTIVE
PROD00439,Nusa Hand Grip Series 039,Nusa,Olahraga,ACTIVE
PROD00440,Ravena Sarung Tangan Gym Series 040,Ravena,Olahraga,ACTIVE
PROD00441,Elvano Sarung Tangan Gym Series 041,Elvano,Olahraga,ACTIVE
PROD00442,Ravena Resistance Band Series 042,Ravena,Olahraga,ACTIVE
PROD00443,Ravena Botol Sport Series 043,Ravena,Olahraga,ACTIVE
PROD00444,Avero Hand Grip Series 044,Avero,Olahraga,ACTIVE
PROD00445,Pradana Skipping Rope Series 045,Pradana,Olahraga,ACTIVE
PROD00446,Pradana Tas Gym Series 046,Pradana,Olahraga,ACTIVE
PROD00447,Soluna Sarung Tangan Gym Series 047,Soluna,Olahraga,ACTIVE
PROD00448,Pradana Skipping Rope Series 048,Pradana,Olahraga,ACTIVE
PROD00449,Soluna Tas Gym Series 049,Soluna,Olahraga,ACTIVE
PROD00450,Soluna Sarung Tangan Gym Series 050,Soluna,Olahraga,ACTIVE
PROD00451,Nusa Sarung Tangan Gym Series 051,Nusa,Olahraga,ACTIVE
PROD00452,Nusa Resistance Band Series 052,Nusa,Olahraga,ACTIVE
PROD00453,Nusa Resistance Band Series 053,Nusa,Olahraga,ACTIVE
PROD00454,Mavera Hand Grip Series 054,Mavera,Olahraga,ACTIVE
PROD00455,Pradana Botol Sport Series 055,Pradana,Olahraga,ACTIVE
PROD00456,Arunika Hand Grip Series 056,Arunika,Olahraga,ACTIVE
PROD00457,Kirana Hand Grip Series 057,Kirana,Olahraga,ACTIVE
PROD00458,Mavera Tas Gym Series 058,Mavera,Olahraga,ACTIVE
PROD00459,Kirana Hand Grip Series 059,Kirana,Olahraga,ACTIVE
PROD00460,Kirana Sarung Tangan Gym Series 060,Kirana,Olahraga,ACTIVE
PROD00461,Ravena Resistance Band Series 061,Ravena,Olahraga,ACTIVE
PROD00462,Ravena Hand Grip Series 062,Ravena,Olahraga,ACTIVE
PROD00463,Ravena Matras Yoga Series 063,Ravena,Olahraga,ACTIVE
PROD00464,Mavera Kaos Olahraga Series 064,Mavera,Olahraga,ACTIVE
PROD00465,Pradana Skipping Rope Series 065,Pradana,Olahraga,ACTIVE
PROD00466,Arunika Hand Grip Series 066,Arunika,Olahraga,ACTIVE
PROD00467,Arunika Resistance Band Series 067,Arunika,Olahraga,ACTIVE
PROD00468,Nusa Hand Grip Series 068,Nusa,Olahraga,ACTIVE
PROD00469,Soluna Matras Yoga Series 069,Soluna,Olahraga,ACTIVE
PROD00470,Pradana Hand Grip Series 070,Pradana,Olahraga,ACTIVE
PROD00471,Ravena Kaos Olahraga Series 071,Ravena,Olahraga,ACTIVE
PROD00472,Nusa Hand Grip Series 072,Nusa,Olahraga,ACTIVE
PROD00473,Kirana Hand Grip Series 073,Kirana,Olahraga,ACTIVE
PROD00474,Elvano Skipping Rope Series 074,Elvano,Olahraga,ACTIVE
PROD00475,Velora Tas Gym Series 075,Velora,Olahraga,ACTIVE
PROD00476,Velora Botol Sport Series 076,Velora,Olahraga,ACTIVE
PROD00477,Elvano Sarung Tangan Gym Series 077,Elvano,Olahraga,ACTIVE
PROD00478,Pradana Sarung Tangan Gym Series 078,Pradana,Olahraga,ACTIVE
PROD00479,Velora Resistance Band Series 079,Velora,Olahraga,ACTIVE
PROD00480,Mavera Matras Yoga Series 080,Mavera,Olahraga,ACTIVE
PROD00481,Mavera Matras Yoga Series 081,Mavera,Olahraga,ACTIVE
PROD00482,Avero Matras Yoga Series 082,Avero,Olahraga,ACTIVE
PROD00483,Nusa Botol Sport Series 083,Nusa,Olahraga,ACTIVE
PROD00484,Elvano Hand Grip Series 084,Elvano,Olahraga,ACTIVE
PROD00485,Ravena Matras Yoga Series 085,Ravena,Olahraga,ACTIVE
PROD00486,Nusa Matras Yoga Series 086,Nusa,Olahraga,ACTIVE
PROD00487,Elvano Skipping Rope Series 087,Elvano,Olahraga,ACTIVE
PROD00488,Elvano Hand Grip Series 088,Elvano,Olahraga,ACTIVE
PROD00489,Avero Sarung Tangan Gym Series 089,Avero,Olahraga,ACTIVE
PROD00490,Ravena Kaos Olahraga Series 090,Ravena,Olahraga,ACTIVE
PROD00491,Kirana Tas Gym Series 091,Kirana,Olahraga,ACTIVE
PROD00492,Avero Kaos Olahraga Series 092,Avero,Olahraga,ACTIVE
PROD00493,Ravena Botol Sport Series 093,Ravena,Olahraga,ACTIVE
PROD00494,Nusa Hand Grip Series 094,Nusa,Olahraga,ACTIVE
PROD00495,Elvano Botol Sport Series 095,Elvano,Olahraga,ACTIVE
PROD00496,Nusa Skipping Rope Series 096,Nusa,Olahraga,ACTIVE
PROD00497,Pradana Sarung Tangan Gym Series 097,Pradana,Olahraga,ACTIVE
PROD00498,Ravena Hand Grip Series 098,Ravena,Olahraga,ACTIVE
PROD00499,Ravena Skipping Rope Series 099,Ravena,Olahraga,ACTIVE
PROD00500,Soluna Hand Grip Series 100,Soluna,Olahraga,ACTIVE
PROD00501,Pradana Teh Celup Series 001,Pradana,Makanan,ACTIVE
PROD00502,Arunika Granola Series 002,Arunika,Makanan,ACTIVE
PROD00503,Kirana Teh Celup Series 003,Kirana,Makanan,ACTIVE
PROD00504,Pradana Cokelat Series 004,Pradana,Makanan,ACTIVE
PROD00505,Avero Keripik Series 005,Avero,Makanan,ACTIVE
PROD00506,Avero Cokelat Series 006,Avero,Makanan,ACTIVE
PROD00507,Avero Teh Celup Series 007,Avero,Makanan,ACTIVE
PROD00508,Kirana Granola Series 008,Kirana,Makanan,ACTIVE
PROD00509,Mavera Granola Series 009,Mavera,Makanan,ACTIVE
PROD00510,Soluna Kopi Bubuk Series 010,Soluna,Makanan,ACTIVE
PROD00511,Pradana Sambal Series 011,Pradana,Makanan,ACTIVE
PROD00512,Ravena Keripik Series 012,Ravena,Makanan,ACTIVE
PROD00513,Mavera Biskuit Series 013,Mavera,Makanan,ACTIVE
PROD00514,Ravena Sambal Series 014,Ravena,Makanan,ACTIVE
PROD00515,Avero Kopi Bubuk Series 015,Avero,Makanan,ACTIVE
PROD00516,Avero Teh Celup Series 016,Avero,Makanan,ACTIVE
PROD00517,Velora Sambal Series 017,Velora,Makanan,ACTIVE
PROD00518,Velora Biskuit Series 018,Velora,Makanan,ACTIVE
PROD00519,Mavera Teh Celup Series 019,Mavera,Makanan,ACTIVE
PROD00520,Mavera Teh Celup Series 020,Mavera,Makanan,ACTIVE
PROD00521,Soluna Biskuit Series 021,Soluna,Makanan,ACTIVE
PROD00522,Pradana Granola Series 022,Pradana,Makanan,ACTIVE
PROD00523,Kirana Biskuit Series 023,Kirana,Makanan,ACTIVE
PROD00524,Ravena Teh Celup Series 024,Ravena,Makanan,ACTIVE
PROD00525,Mavera Biskuit Series 025,Mavera,Makanan,ACTIVE
PROD00526,Elvano Teh Celup Series 026,Elvano,Makanan,ACTIVE
PROD00527,Mavera Granola Series 027,Mavera,Makanan,ACTIVE
PROD00528,Velora Keripik Series 028,Velora,Makanan,ACTIVE
PROD00529,Kirana Cokelat Series 029,Kirana,Makanan,ACTIVE
PROD00530,Mavera Kopi Bubuk Series 030,Mavera,Makanan,ACTIVE
PROD00531,Nusa Sambal Series 031,Nusa,Makanan,ACTIVE
PROD00532,Elvano Madu Series 032,Elvano,Makanan,ACTIVE
PROD00533,Mavera Keripik Series 033,Mavera,Makanan,ACTIVE
PROD00534,Kirana Cokelat Series 034,Kirana,Makanan,ACTIVE
PROD00535,Elvano Cokelat Series 035,Elvano,Makanan,ACTIVE
PROD00536,Mavera Cokelat Series 036,Mavera,Makanan,ACTIVE
PROD00537,Velora Biskuit Series 037,Velora,Makanan,ACTIVE
PROD00538,Mavera Kopi Bubuk Series 038,Mavera,Makanan,ACTIVE
PROD00539,Pradana Biskuit Series 039,Pradana,Makanan,ACTIVE
PROD00540,Avero Teh Celup Series 040,Avero,Makanan,ACTIVE
PROD00541,Elvano Kopi Bubuk Series 041,Elvano,Makanan,ACTIVE
PROD00542,Avero Biskuit Series 042,Avero,Makanan,ACTIVE
PROD00543,Pradana Sambal Series 043,Pradana,Makanan,ACTIVE
PROD00544,Mavera Keripik Series 044,Mavera,Makanan,ACTIVE
PROD00545,Kirana Madu Series 045,Kirana,Makanan,ACTIVE
PROD00546,Arunika Sambal Series 046,Arunika,Makanan,ACTIVE
PROD00547,Nusa Granola Series 047,Nusa,Makanan,ACTIVE
PROD00548,Avero Keripik Series 048,Avero,Makanan,ACTIVE
PROD00549,Elvano Sambal Series 049,Elvano,Makanan,ACTIVE
PROD00550,Avero Teh Celup Series 050,Avero,Makanan,ACTIVE
PROD00551,Nusa Granola Series 051,Nusa,Makanan,ACTIVE
PROD00552,Pradana Keripik Series 052,Pradana,Makanan,ACTIVE
PROD00553,Soluna Kopi Bubuk Series 053,Soluna,Makanan,ACTIVE
PROD00554,Mavera Granola Series 054,Mavera,Makanan,ACTIVE
PROD00555,Nusa Teh Celup Series 055,Nusa,Makanan,ACTIVE
PROD00556,Kirana Cokelat Series 056,Kirana,Makanan,ACTIVE
PROD00557,Soluna Kopi Bubuk Series 057,Soluna,Makanan,ACTIVE
PROD00558,Velora Keripik Series 058,Velora,Makanan,ACTIVE
PROD00559,Elvano Sambal Series 059,Elvano,Makanan,ACTIVE
PROD00560,Ravena Cokelat Series 060,Ravena,Makanan,ACTIVE
PROD00561,Velora Keripik Series 061,Velora,Makanan,ACTIVE
PROD00562,Soluna Kopi Bubuk Series 062,Soluna,Makanan,ACTIVE
PROD00563,Avero Kopi Bubuk Series 063,Avero,Makanan,ACTIVE
PROD00564,Ravena Kopi Bubuk Series 064,Ravena,Makanan,ACTIVE
PROD00565,Pradana Biskuit Series 065,Pradana,Makanan,ACTIVE
PROD00566,Mavera Kopi Bubuk Series 066,Mavera,Makanan,ACTIVE
PROD00567,Avero Granola Series 067,Avero,Makanan,ACTIVE
PROD00568,Avero Madu Series 068,Avero,Makanan,ACTIVE
PROD00569,Kirana Madu Series 069,Kirana,Makanan,ACTIVE
PROD00570,Ravena Granola Series 070,Ravena,Makanan,ACTIVE
PROD00571,Mavera Keripik Series 071,Mavera,Makanan,ACTIVE
PROD00572,Mavera Granola Series 072,Mavera,Makanan,ACTIVE
PROD00573,Pradana Teh Celup Series 073,Pradana,Makanan,ACTIVE
PROD00574,Mavera Granola Series 074,Mavera,Makanan,ACTIVE
PROD00575,Mavera Sambal Series 075,Mavera,Makanan,ACTIVE
PROD00576,Ravena Biskuit Series 076,Ravena,Makanan,ACTIVE
PROD00577,Soluna Keripik Series 077,Soluna,Makanan,ACTIVE
PROD00578,Ravena Teh Celup Series 078,Ravena,Makanan,ACTIVE
PROD00579,Pradana Sambal Series 079,Pradana,Makanan,ACTIVE
PROD00580,Soluna Biskuit Series 080,Soluna,Makanan,ACTIVE
PROD00581,Elvano Biskuit Series 081,Elvano,Makanan,ACTIVE
PROD00582,Avero Sambal Series 082,Avero,Makanan,ACTIVE
PROD00583,Ravena Teh Celup Series 083,Ravena,Makanan,ACTIVE
PROD00584,Mavera Sambal Series 084,Mavera,Makanan,ACTIVE
PROD00585,Pradana Kopi Bubuk Series 085,Pradana,Makanan,ACTIVE
PROD00586,Ravena Biskuit Series 086,Ravena,Makanan,ACTIVE
PROD00587,Soluna Biskuit Series 087,Soluna,Makanan,ACTIVE
PROD00588,Arunika Madu Series 088,Arunika,Makanan,ACTIVE
PROD00589,Soluna Kopi Bubuk Series 089,Soluna,Makanan,ACTIVE
PROD00590,Mavera Sambal Series 090,Mavera,Makanan,ACTIVE
PROD00591,Mavera Biskuit Series 091,Mavera,Makanan,ACTIVE
PROD00592,Elvano Kopi Bubuk Series 092,Elvano,Makanan,ACTIVE
PROD00593,Velora Madu Series 093,Velora,Makanan,ACTIVE
PROD00594,Mavera Keripik Series 094,Mavera,Makanan,ACTIVE
PROD00595,Ravena Kopi Bubuk Series 095,Ravena,Makanan,ACTIVE
PROD00596,Elvano Kopi Bubuk Series 096,Elvano,Makanan,ACTIVE
PROD00597,Velora Teh Celup Series 097,Velora,Makanan,ACTIVE
PROD00598,Nusa Cokelat Series 098,Nusa,Makanan,ACTIVE
PROD00599,Elvano Sambal Series 099,Elvano,Makanan,ACTIVE
PROD00600,Nusa Granola Series 100,Nusa,Makanan,ACTIVE
PROD00601,Avero Map Dokumen Series 001,Avero,Buku & ATK,ACTIVE
PROD00602,Kirana Notebook Series 002,Kirana,Buku & ATK,ACTIVE
PROD00603,Arunika Sticky Notes Series 003,Arunika,Buku & ATK,ACTIVE
PROD00604,Nusa Pensil Series 004,Nusa,Buku & ATK,ACTIVE
PROD00605,Mavera Buku Tulis Series 005,Mavera,Buku & ATK,ACTIVE
PROD00606,Avero Map Dokumen Series 006,Avero,Buku & ATK,ACTIVE
PROD00607,Pradana Marker Series 007,Pradana,Buku & ATK,ACTIVE
PROD00608,Velora Pulpen Series 008,Velora,Buku & ATK,ACTIVE
PROD00609,Nusa Buku Tulis Series 009,Nusa,Buku & ATK,ACTIVE
PROD00610,Mavera Map Dokumen Series 010,Mavera,Buku & ATK,ACTIVE
PROD00611,Pradana Pulpen Series 011,Pradana,Buku & ATK,ACTIVE
PROD00612,Pradana Binder Series 012,Pradana,Buku & ATK,ACTIVE
PROD00613,Ravena Buku Tulis Series 013,Ravena,Buku & ATK,ACTIVE
PROD00614,Mavera Sticky Notes Series 014,Mavera,Buku & ATK,ACTIVE
PROD00615,Elvano Notebook Series 015,Elvano,Buku & ATK,ACTIVE
PROD00616,Avero Marker Series 016,Avero,Buku & ATK,ACTIVE
PROD00617,Soluna Buku Tulis Series 017,Soluna,Buku & ATK,ACTIVE
PROD00618,Ravena Map Dokumen Series 018,Ravena,Buku & ATK,ACTIVE
PROD00619,Elvano Notebook Series 019,Elvano,Buku & ATK,ACTIVE
PROD00620,Nusa Sticky Notes Series 020,Nusa,Buku & ATK,ACTIVE
PROD00621,Velora Buku Tulis Series 021,Velora,Buku & ATK,ACTIVE
PROD00622,Velora Binder Series 022,Velora,Buku & ATK,ACTIVE
PROD00623,Ravena Notebook Series 023,Ravena,Buku & ATK,ACTIVE
PROD00624,Ravena Pensil Series 024,Ravena,Buku & ATK,ACTIVE
PROD00625,Soluna Notebook Series 025,Soluna,Buku & ATK,ACTIVE
PROD00626,Velora Buku Tulis Series 026,Velora,Buku & ATK,ACTIVE
PROD00627,Arunika Binder Series 027,Arunika,Buku & ATK,ACTIVE
PROD00628,Velora Pulpen Series 028,Velora,Buku & ATK,ACTIVE
PROD00629,Arunika Marker Series 029,Arunika,Buku & ATK,ACTIVE
PROD00630,Kirana Sticky Notes Series 030,Kirana,Buku & ATK,ACTIVE
PROD00631,Ravena Binder Series 031,Ravena,Buku & ATK,ACTIVE
PROD00632,Velora Marker Series 032,Velora,Buku & ATK,ACTIVE
PROD00633,Arunika Pulpen Series 033,Arunika,Buku & ATK,ACTIVE
PROD00634,Avero Binder Series 034,Avero,Buku & ATK,ACTIVE
PROD00635,Arunika Buku Tulis Series 035,Arunika,Buku & ATK,ACTIVE
PROD00636,Arunika Pensil Series 036,Arunika,Buku & ATK,ACTIVE
PROD00637,Mavera Binder Series 037,Mavera,Buku & ATK,ACTIVE
PROD00638,Velora Pensil Series 038,Velora,Buku & ATK,ACTIVE
PROD00639,Kirana Buku Tulis Series 039,Kirana,Buku & ATK,ACTIVE
PROD00640,Arunika Pensil Series 040,Arunika,Buku & ATK,ACTIVE
PROD00641,Nusa Map Dokumen Series 041,Nusa,Buku & ATK,ACTIVE
PROD00642,Avero Binder Series 042,Avero,Buku & ATK,ACTIVE
PROD00643,Avero Pensil Series 043,Avero,Buku & ATK,ACTIVE
PROD00644,Ravena Notebook Series 044,Ravena,Buku & ATK,ACTIVE
PROD00645,Avero Pensil Series 045,Avero,Buku & ATK,ACTIVE
PROD00646,Nusa Map Dokumen Series 046,Nusa,Buku & ATK,ACTIVE
PROD00647,Avero Marker Series 047,Avero,Buku & ATK,ACTIVE
PROD00648,Arunika Binder Series 048,Arunika,Buku & ATK,ACTIVE
PROD00649,Kirana Marker Series 049,Kirana,Buku & ATK,ACTIVE
PROD00650,Soluna Marker Series 050,Soluna,Buku & ATK,ACTIVE
PROD00651,Soluna Buku Tulis Series 051,Soluna,Buku & ATK,ACTIVE
PROD00652,Nusa Pensil Series 052,Nusa,Buku & ATK,ACTIVE
PROD00653,Pradana Pensil Series 053,Pradana,Buku & ATK,ACTIVE
PROD00654,Nusa Binder Series 054,Nusa,Buku & ATK,ACTIVE
PROD00655,Elvano Buku Tulis Series 055,Elvano,Buku & ATK,ACTIVE
PROD00656,Pradana Buku Tulis Series 056,Pradana,Buku & ATK,ACTIVE
PROD00657,Nusa Pensil Series 057,Nusa,Buku & ATK,ACTIVE
PROD00658,Mavera Pulpen Series 058,Mavera,Buku & ATK,ACTIVE
PROD00659,Ravena Notebook Series 059,Ravena,Buku & ATK,ACTIVE
PROD00660,Pradana Pensil Series 060,Pradana,Buku & ATK,ACTIVE
PROD00661,Mavera Marker Series 061,Mavera,Buku & ATK,ACTIVE
PROD00662,Elvano Marker Series 062,Elvano,Buku & ATK,ACTIVE
PROD00663,Pradana Marker Series 063,Pradana,Buku & ATK,ACTIVE
PROD00664,Mavera Buku Tulis Series 064,Mavera,Buku & ATK,ACTIVE
PROD00665,Soluna Sticky Notes Series 065,Soluna,Buku & ATK,ACTIVE
PROD00666,Ravena Pensil Series 066,Ravena,Buku & ATK,ACTIVE
PROD00667,Ravena Binder Series 067,Ravena,Buku & ATK,ACTIVE
PROD00668,Kirana Buku Tulis Series 068,Kirana,Buku & ATK,ACTIVE
PROD00669,Elvano Sticky Notes Series 069,Elvano,Buku & ATK,ACTIVE
PROD00670,Mavera Pulpen Series 070,Mavera,Buku & ATK,ACTIVE
PROD00671,Nusa Binder Series 071,Nusa,Buku & ATK,ACTIVE
PROD00672,Mavera Marker Series 072,Mavera,Buku & ATK,ACTIVE
PROD00673,Ravena Pensil Series 073,Ravena,Buku & ATK,ACTIVE
PROD00674,Elvano Marker Series 074,Elvano,Buku & ATK,ACTIVE
PROD00675,Velora Marker Series 075,Velora,Buku & ATK,ACTIVE
PROD00676,Ravena Notebook Series 076,Ravena,Buku & ATK,ACTIVE
PROD00677,Pradana Marker Series 077,Pradana,Buku & ATK,ACTIVE
PROD00678,Nusa Marker Series 078,Nusa,Buku & ATK,ACTIVE
PROD00679,Pradana Pulpen Series 079,Pradana,Buku & ATK,ACTIVE
PROD00680,Ravena Pulpen Series 080,Ravena,Buku & ATK,ACTIVE
PROD00681,Velora Notebook Series 081,Velora,Buku & ATK,ACTIVE
PROD00682,Elvano Sticky Notes Series 082,Elvano,Buku & ATK,ACTIVE
PROD00683,Nusa Binder Series 083,Nusa,Buku & ATK,ACTIVE
PROD00684,Arunika Buku Tulis Series 084,Arunika,Buku & ATK,ACTIVE
PROD00685,Velora Buku Tulis Series 085,Velora,Buku & ATK,ACTIVE
PROD00686,Mavera Marker Series 086,Mavera,Buku & ATK,ACTIVE
PROD00687,Soluna Binder Series 087,Soluna,Buku & ATK,ACTIVE
PROD00688,Avero Pensil Series 088,Avero,Buku & ATK,ACTIVE
PROD00689,Velora Buku Tulis Series 089,Velora,Buku & ATK,ACTIVE
PROD00690,Kirana Pensil Series 090,Kirana,Buku & ATK,ACTIVE
PROD00691,Avero Map Dokumen Series 091,Avero,Buku & ATK,ACTIVE
PROD00692,Avero Binder Series 092,Avero,Buku & ATK,ACTIVE
PROD00693,Ravena Pulpen Series 093,Ravena,Buku & ATK,ACTIVE
PROD00694,Kirana Pulpen Series 094,Kirana,Buku & ATK,ACTIVE
PROD00695,Velora Map Dokumen Series 095,Velora,Buku & ATK,ACTIVE
PROD00696,Ravena Notebook Series 096,Ravena,Buku & ATK,ACTIVE
PROD00697,Soluna Marker Series 097,Soluna,Buku & ATK,ACTIVE
PROD00698,Avero Binder Series 098,Avero,Buku & ATK,ACTIVE
PROD00699,Arunika Pulpen Series 099,Arunika,Buku & ATK,ACTIVE
PROD00700,Pradana Buku Tulis Series 100,Pradana,Buku & ATK,ACTIVE
PROD00701,Arunika Pengharum Mobil Series 001,Arunika,Otomotif,ACTIVE
PROD00702,Ravena Holder HP Series 002,Ravena,Otomotif,ACTIVE
PROD00703,Kirana Holder HP Series 003,Kirana,Otomotif,ACTIVE
PROD00704,Ravena Pengharum Mobil Series 004,Ravena,Otomotif,ACTIVE
PROD00705,Elvano Sikat Detailing Series 005,Elvano,Otomotif,ACTIVE
PROD00706,Arunika Holder HP Series 006,Arunika,Otomotif,ACTIVE
PROD00707,Arunika Pengharum Mobil Series 007,Arunika,Otomotif,ACTIVE
PROD00708,Ravena Cover Motor Series 008,Ravena,Otomotif,ACTIVE
PROD00709,Velora Charger Mobil Series 009,Velora,Otomotif,ACTIVE
PROD00710,Mavera Sikat Detailing Series 010,Mavera,Otomotif,ACTIVE
PROD00711,Soluna Cover Motor Series 011,Soluna,Otomotif,ACTIVE
PROD00712,Nusa Sikat Detailing Series 012,Nusa,Otomotif,ACTIVE
PROD00713,Ravena Charger Mobil Series 013,Ravena,Otomotif,ACTIVE
PROD00714,Soluna Charger Mobil Series 014,Soluna,Otomotif,ACTIVE
PROD00715,Kirana Pengharum Mobil Series 015,Kirana,Otomotif,ACTIVE
PROD00716,Kirana Sikat Detailing Series 016,Kirana,Otomotif,ACTIVE
PROD00717,Velora Pengharum Mobil Series 017,Velora,Otomotif,ACTIVE
PROD00718,Nusa Holder HP Series 018,Nusa,Otomotif,ACTIVE
PROD00719,Arunika Lap Microfiber Series 019,Arunika,Otomotif,ACTIVE
PROD00720,Elvano Charger Mobil Series 020,Elvano,Otomotif,ACTIVE
PROD00721,Avero Lap Microfiber Series 021,Avero,Otomotif,ACTIVE
PROD00722,Nusa Cover Motor Series 022,Nusa,Otomotif,ACTIVE
PROD00723,Avero Pengharum Mobil Series 023,Avero,Otomotif,ACTIVE
PROD00724,Mavera Charger Mobil Series 024,Mavera,Otomotif,ACTIVE
PROD00725,Velora Holder HP Series 025,Velora,Otomotif,ACTIVE
PROD00726,Soluna Lap Microfiber Series 026,Soluna,Otomotif,ACTIVE
PROD00727,Elvano Pengharum Mobil Series 027,Elvano,Otomotif,ACTIVE
PROD00728,Velora Cover Motor Series 028,Velora,Otomotif,ACTIVE
PROD00729,Nusa Sikat Detailing Series 029,Nusa,Otomotif,ACTIVE
PROD00730,Pradana Sikat Detailing Series 030,Pradana,Otomotif,ACTIVE
PROD00731,Kirana Sikat Detailing Series 031,Kirana,Otomotif,ACTIVE
PROD00732,Mavera Sarung Jok Series 032,Mavera,Otomotif,ACTIVE
PROD00733,Avero Pengharum Mobil Series 033,Avero,Otomotif,ACTIVE
PROD00734,Nusa Kabel Jumper Series 034,Nusa,Otomotif,ACTIVE
PROD00735,Avero Sikat Detailing Series 035,Avero,Otomotif,ACTIVE
PROD00736,Pradana Holder HP Series 036,Pradana,Otomotif,ACTIVE
PROD00737,Avero Holder HP Series 037,Avero,Otomotif,ACTIVE
PROD00738,Velora Pengharum Mobil Series 038,Velora,Otomotif,ACTIVE
PROD00739,Kirana Kabel Jumper Series 039,Kirana,Otomotif,ACTIVE
PROD00740,Elvano Pengharum Mobil Series 040,Elvano,Otomotif,ACTIVE
PROD00741,Ravena Charger Mobil Series 041,Ravena,Otomotif,ACTIVE
PROD00742,Pradana Sikat Detailing Series 042,Pradana,Otomotif,ACTIVE
PROD00743,Arunika Charger Mobil Series 043,Arunika,Otomotif,ACTIVE
PROD00744,Kirana Sarung Jok Series 044,Kirana,Otomotif,ACTIVE
PROD00745,Avero Cover Motor Series 045,Avero,Otomotif,ACTIVE
PROD00746,Velora Lap Microfiber Series 046,Velora,Otomotif,ACTIVE
PROD00747,Arunika Cover Motor Series 047,Arunika,Otomotif,ACTIVE
PROD00748,Mavera Sikat Detailing Series 048,Mavera,Otomotif,ACTIVE
PROD00749,Ravena Kabel Jumper Series 049,Ravena,Otomotif,ACTIVE
PROD00750,Avero Charger Mobil Series 050,Avero,Otomotif,ACTIVE
PROD00751,Ravena Lap Microfiber Series 051,Ravena,Otomotif,ACTIVE
PROD00752,Nusa Charger Mobil Series 052,Nusa,Otomotif,ACTIVE
PROD00753,Arunika Lap Microfiber Series 053,Arunika,Otomotif,ACTIVE
PROD00754,Velora Sarung Jok Series 054,Velora,Otomotif,ACTIVE
PROD00755,Ravena Holder HP Series 055,Ravena,Otomotif,ACTIVE
PROD00756,Pradana Pengharum Mobil Series 056,Pradana,Otomotif,ACTIVE
PROD00757,Velora Cover Motor Series 057,Velora,Otomotif,ACTIVE
PROD00758,Nusa Kabel Jumper Series 058,Nusa,Otomotif,ACTIVE
PROD00759,Avero Kabel Jumper Series 059,Avero,Otomotif,ACTIVE
PROD00760,Arunika Pengharum Mobil Series 060,Arunika,Otomotif,ACTIVE
PROD00761,Ravena Pengharum Mobil Series 061,Ravena,Otomotif,ACTIVE
PROD00762,Ravena Sikat Detailing Series 062,Ravena,Otomotif,ACTIVE
PROD00763,Nusa Sikat Detailing Series 063,Nusa,Otomotif,ACTIVE
PROD00764,Mavera Cover Motor Series 064,Mavera,Otomotif,ACTIVE
PROD00765,Kirana Charger Mobil Series 065,Kirana,Otomotif,ACTIVE
PROD00766,Ravena Cover Motor Series 066,Ravena,Otomotif,ACTIVE
PROD00767,Avero Charger Mobil Series 067,Avero,Otomotif,ACTIVE
PROD00768,Soluna Sikat Detailing Series 068,Soluna,Otomotif,ACTIVE
PROD00769,Kirana Charger Mobil Series 069,Kirana,Otomotif,ACTIVE
PROD00770,Kirana Sarung Jok Series 070,Kirana,Otomotif,ACTIVE
PROD00771,Avero Kabel Jumper Series 071,Avero,Otomotif,ACTIVE
PROD00772,Nusa Lap Microfiber Series 072,Nusa,Otomotif,ACTIVE
PROD00773,Avero Pengharum Mobil Series 073,Avero,Otomotif,ACTIVE
PROD00774,Arunika Sarung Jok Series 074,Arunika,Otomotif,ACTIVE
PROD00775,Nusa Cover Motor Series 075,Nusa,Otomotif,ACTIVE
PROD00776,Velora Charger Mobil Series 076,Velora,Otomotif,ACTIVE
PROD00777,Mavera Cover Motor Series 077,Mavera,Otomotif,ACTIVE
PROD00778,Soluna Charger Mobil Series 078,Soluna,Otomotif,ACTIVE
PROD00779,Avero Charger Mobil Series 079,Avero,Otomotif,ACTIVE
PROD00780,Pradana Cover Motor Series 080,Pradana,Otomotif,ACTIVE
PROD00781,Kirana Kabel Jumper Series 081,Kirana,Otomotif,ACTIVE
PROD00782,Kirana Cover Motor Series 082,Kirana,Otomotif,ACTIVE
PROD00783,Ravena Lap Microfiber Series 083,Ravena,Otomotif,ACTIVE
PROD00784,Kirana Lap Microfiber Series 084,Kirana,Otomotif,ACTIVE
PROD00785,Elvano Sarung Jok Series 085,Elvano,Otomotif,ACTIVE
PROD00786,Mavera Charger Mobil Series 086,Mavera,Otomotif,ACTIVE
PROD00787,Nusa Cover Motor Series 087,Nusa,Otomotif,ACTIVE
PROD00788,Elvano Charger Mobil Series 088,Elvano,Otomotif,ACTIVE
PROD00789,Nusa Lap Microfiber Series 089,Nusa,Otomotif,ACTIVE
PROD00790,Kirana Cover Motor Series 090,Kirana,Otomotif,ACTIVE
PROD00791,Pradana Sarung Jok Series 091,Pradana,Otomotif,ACTIVE
PROD00792,Pradana Sarung Jok Series 092,Pradana,Otomotif,ACTIVE
PROD00793,Pradana Pengharum Mobil Series 093,Pradana,Otomotif,ACTIVE
PROD00794,Avero Cover Motor Series 094,Avero,Otomotif,ACTIVE
PROD00795,Kirana Sikat Detailing Series 095,Kirana,Otomotif,ACTIVE
PROD00796,Pradana Sarung Jok Series 096,Pradana,Otomotif,ACTIVE
PROD00797,Ravena Lap Microfiber Series 097,Ravena,Otomotif,ACTIVE
PROD00798,Soluna Kabel Jumper Series 098,Soluna,Otomotif,ACTIVE
PROD00799,Arunika Pengharum Mobil Series 099,Arunika,Otomotif,ACTIVE
PROD00800,Soluna Charger Mobil Series 100,Soluna,Otomotif,ACTIVE
