status_key,order_status,payment_status,shipment_status,promo_flag,bulk_order_flag,late_delivery_flag
1,COMPLETED,PAID,DELIVERED,N,N,N
2,COMPLETED,PAID,DELIVERED,Y,N,Y
3,PROCESSING,PAID,NOT_SHIPPED,N,N,N
4,COMPLETED,PAID,DELIVERED,Y,N,N
5,PROCESSING,PENDING,IN_TRANSIT,N,N,N
6,COMPLETED,PAID,DELIVERED,N,N,Y
7,CANCELLED,FAILED,NOT_SHIPPED,Y,N,N
8,RETURNED,REFUNDED,RETURNED,N,N,N
9,PROCESSING,PAID,IN_TRANSIT,Y,N,N
10,PROCESSING,PAID,NOT_SHIPPED,Y,N,N
11,RETURNED,REFUNDED,RETURNED,Y,N,N
12,CANCELLED,EXPIRED,NOT_SHIPPED,N,N,N
13,CANCELLED,REFUNDED,NOT_SHIPPED,N,N,N
14,CANCELLED,FAILED,NOT_SHIPPED,N,N,N
15,COMPLETED,PAID,DELIVERED,Y,Y,N
16,PROCESSING,PENDING,NOT_SHIPPED,N,N,N
17,PROCESSING,PAID,IN_TRANSIT,N,N,N
18,CANCELLED,EXPIRED,NOT_SHIPPED,Y,N,N
19,RETURNED,REFUNDED,RETURNED,N,N,Y
20,PROCESSING,PENDING,IN_TRANSIT,Y,N,N
21,PROCESSING,PENDING,NOT_SHIPPED,Y,N,N
22,RETURNED,REFUNDED,RETURNED,Y,N,Y
23,COMPLETED,PAID,DELIVERED,N,Y,N
24,CANCELLED,REFUNDED,NOT_SHIPPED,Y,N,N
25,CANCELLED,REFUNDED,NOT_SHIPPED,N,Y,N
26,COMPLETED,PAID,DELIVERED,Y,Y,Y
27,PROCESSING,PENDING,IN_TRANSIT,N,Y,N
28,RETURNED,REFUNDED,RETURNED,Y,Y,N
29,PROCESSING,PAID,NOT_SHIPPED,Y,Y,N
30,CANCELLED,FAILED,NOT_SHIPPED,N,Y,N
31,PROCESSING,PAID,NOT_SHIPPED,N,Y,N
32,COMPLETED,PAID,DELIVERED,N,Y,Y
33,PROCESSING,PENDING,NOT_SHIPPED,N,Y,N
34,CANCELLED,FAILED,NOT_SHIPPED,Y,Y,N
35,RETURNED,REFUNDED,RETURNED,N,Y,N
36,PROCESSING,PAID,IN_TRANSIT,Y,Y,N
37,CANCELLED,REFUNDED,NOT_SHIPPED,Y,Y,N
