product_key,product_id,product_name,brand,category,product_status
1,PROD00001,Nusa Keyboard Series 001,Nusa,Elektronik,ACTIVE
2,PROD00002,Ravena Lampu LED Series 002,Ravena,Elektronik,ACTIVE
3,PROD00003,Soluna Earphone Series 003,Soluna,Elektronik,ACTIVE
4,PROD00004,Nusa Mouse Series 004,Nusa,Elektronik,ACTIVE
5,PROD00005,Arunika Keyboard Series 005,Arunika,Elektronik,ACTIVE
6,PROD00006,Mavera Lampu LED Series 006,Mavera,Elektronik,ACTIVE
7,PROD00007,Nusa Mouse Series 007,Nusa,Elektronik,ACTIVE
8,PROD00008,Soluna Keyboard Series 008,Soluna,Elektronik,ACTIVE
9,PROD00009,Nusa Mouse Series 009,Nusa,Elektronik,ACTIVE
10,PROD00010,Kirana Speaker Mini Series 010,Kirana,Elektronik,ACTIVE
11,PROD00011,Avero Keyboard Series 011,Avero,Elektronik,ACTIVE
12,PROD00012,Kirana Mouse Series 012,Kirana,Elektronik,ACTIVE
13,PROD00013,Velora Mouse Series 013,Velora,Elektronik,ACTIVE
14,PROD00014,Ravena Mouse Series 014,Ravena,Elektronik,ACTIVE
15,PROD00015,Avero Lampu LED Series 015,Avero,Elektronik,ACTIVE
16,PROD00016,Mavera Earphone Series 016,Mavera,Elektronik,ACTIVE
17,PROD00017,Pradana Kabel Data Series 017,Pradana,Elektronik,ACTIVE
18,PROD00018,Arunika Power Bank Series 018,Arunika,Elektronik,ACTIVE
19,PROD00019,Avero Speaker Mini Series 019,Avero,Elektronik,ACTIVE
20,PROD00020,Soluna Charger Series 020,Soluna,Elektronik,ACTIVE
21,PROD00021,Elvano Mouse Series 021,Elvano,Elektronik,ACTIVE
22,PROD00022,Avero Keyboard Series 022,Avero,Elektronik,ACTIVE
23,PROD00023,Soluna Keyboard Series 023,Soluna,Elektronik,ACTIVE
24,PROD00024,Elvano Mouse Series 024,Elvano,Elektronik,ACTIVE
25,PROD00025,Elvano Mouse Series 025,Elvano,Elektronik,ACTIVE
26,PROD00026,Kirana Kabel Data Series 026,Kirana,Elektronik,ACTIVE
27,PROD00027,Pradana Keyboard Series 027,Pradana,Elektronik,ACTIVE
28,PROD00028,Avero Lampu LED Series 028,Avero,Elektronik,ACTIVE
29,PROD00029,Ravena Keyboard Series 029,Ravena,Elektronik,ACTIVE
30,PROD00030,Soluna Keyboard Series 030,Soluna,Elektronik,ACTIVE
31,PROD00031,Avero Kabel Data Series 031,Avero,Elektronik,ACTIVE
32,PROD00032,Pradana Speaker Mini Series 032,Pradana,Elektronik,ACTIVE
33,PROD00033,Nusa Charger Series 033,Nusa,Elektronik,ACTIVE
34,PROD00034,Elvano Earphone Series 034,Elvano,Elektronik,ACTIVE
35,PROD00035,Avero Lampu LED Series 035,Avero,Elektronik,ACTIVE
36,PROD00036,Pradana Charger Series 036,Pradana,Elektronik,ACTIVE
37,PROD00037,Kirana Power Bank Series 037,Kirana,Elektronik,ACTIVE
38,PROD00038,Soluna Kabel Data Series 038,Soluna,Elektronik,ACTIVE
39,PROD00039,Arunika Power Bank Series 039,Arunika,Elektronik,ACTIVE
40,PROD00040,Elvano Lampu LED Series 040,Elvano,Elektronik,ACTIVE
41,PROD00041,Elvano Power Bank Series 041,Elvano,Elektronik,ACTIVE
42,PROD00042,Elvano Kabel Data Series 042,Elvano,Elektronik,ACTIVE
43,PROD00043,Pradana Power Bank Series 043,Pradana,Elektronik,ACTIVE
44,PROD00044,Nusa Speaker Mini Series 044,Nusa,Elektronik,ACTIVE
45,PROD00045,Nusa Earphone Series 045,Nusa,Elektronik,ACTIVE
46,PROD00046,Ravena Kabel Data Series 046,Ravena,Elektronik,ACTIVE
47,PROD00047,Velora Power Bank Series 047,Velora,Elektronik,ACTIVE
48,PROD00048,Pradana Power Bank Series 048,Pradana,Elektronik,ACTIVE
49,PROD00049,Mavera Mouse Series 049,Mavera,Elektronik,ACTIVE
50,PROD00050,Nusa Kabel Data Series 050,Nusa,Elektronik,ACTIVE
51,PROD00051,Arunika Kabel Data Series 051,Arunika,Elektronik,ACTIVE
52,PROD00052,Soluna Kabel Data Series 052,Soluna,Elektronik,ACTIVE
53,PROD00053,Pradana Mouse Series 053,Pradana,Elektronik,ACTIVE
54,PROD00054,Pradana Earphone Series 054,Pradana,Elektronik,ACTIVE
55,PROD00055,Arunika Keyboard Series 055,Arunika,Elektronik,ACTIVE
56,PROD00056,Mavera Power Bank Series 056,Mavera,Elektronik,ACTIVE
57,PROD00057,Avero Earphone Series 057,Avero,Elektronik,ACTIVE
58,PROD00058,Arunika Earphone Series 058,Arunika,Elektronik,ACTIVE
59,PROD00059,Pradana Charger Series 059,Pradana,Elektronik,ACTIVE
60,PROD00060,Arunika Speaker Mini Series 060,Arunika,Elektronik,ACTIVE
61,PROD00061,Arunika Kabel Data Series 061,Arunika,Elektronik,ACTIVE
62,PROD00062,Soluna Speaker Mini Series 062,Soluna,Elektronik,ACTIVE
63,PROD00063,Soluna Kabel Data Series 063,Soluna,Elektronik,ACTIVE
64,PROD00064,Arunika Earphone Series 064,Arunika,Elektronik,ACTIVE
65,PROD00065,Nusa Power Bank Series 065,Nusa,Elektronik,ACTIVE
66,PROD00066,Mavera Speaker Mini Series 066,Mavera,Elektronik,ACTIVE
67,PROD00067,Soluna Mouse Series 067,Soluna,Elektronik,ACTIVE
68,PROD00068,Velora Kabel Data Series 068,Velora,Elektronik,ACTIVE
69,PROD00069,Mavera Charger Series 069,Mavera,Elektronik,ACTIVE
70,PROD00070,Elvano Lampu LED Series 070,Elvano,Elektronik,ACTIVE
71,PROD00071,Velora Speaker Mini Series 071,Velora,Elektronik,ACTIVE
72,PROD00072,Elvano Speaker Mini Series 072,Elvano,Elektronik,ACTIVE
73,PROD00073,Arunika Charger Series 073,Arunika,Elektronik,ACTIVE
74,PROD00074,Avero Speaker Mini Series 074,Avero,Elektronik,ACTIVE
75,PROD00075,Mavera Kabel Data Series 075,Mavera,Elektronik,ACTIVE
76,PROD00076,Arunika Earphone Series 076,Arunika,Elektronik,ACTIVE
77,PROD00077,Ravena Lampu LED Series 077,Ravena,Elektronik,ACTIVE
78,PROD00078,Velora Power Bank Series 078,Velora,Elektronik,ACTIVE
79,PROD00079,Pradana Speaker Mini Series 079,Pradana,Elektronik,ACTIVE
80,PROD00080,Mavera Power Bank Series 080,Mavera,Elektronik,ACTIVE
81,PROD00081,Nusa Charger Series 081,Nusa,Elektronik,ACTIVE
82,PROD00082,Kirana Lampu LED Series 082,Kirana,Elektronik,ACTIVE
83,PROD00083,Avero Speaker Mini Series 083,Avero,Elektronik,ACTIVE
84,PROD00084,Soluna Power Bank Series 084,Soluna,Elektronik,ACTIVE
85,PROD00085,Kirana Charger Series 085,Kirana,Elektronik,ACTIVE
86,PROD00086,Soluna Lampu LED Series 086,Soluna,Elektronik,ACTIVE
87,PROD00087,Nusa Lampu LED Series 087,Nusa,Elektronik,ACTIVE
88,PROD00088,Mavera Kabel Data Series 088,Mavera,Elektronik,ACTIVE
89,PROD00089,Nusa Power Bank Series 089,Nusa,Elektronik,ACTIVE
90,PROD00090,Avero Kabel Data Series 090,Avero,Elektronik,ACTIVE
91,PROD00091,Arunika Earphone Series 091,Arunika,Elektronik,ACTIVE
92,PROD00092,Elvano Kabel Data Series 092,Elvano,Elektronik,ACTIVE
93,PROD00093,Arunika Lampu LED Series 093,Arunika,Elektronik,ACTIVE
94,PROD00094,Velora Lampu LED Series 094,Velora,Elektronik,ACTIVE
95,PROD00095,Ravena Keyboard Series 095,Ravena,Elektronik,ACTIVE
96,PROD00096,Soluna Lampu LED Series 096,Soluna,Elektronik,ACTIVE
97,PROD00097,Soluna Charger Series 097,Soluna,Elektronik,ACTIVE
98,PROD00098,Soluna Power Bank Series 098,Soluna,Elektronik,ACTIVE
99,PROD00099,Elvano Speaker Mini Series 099,Elvano,Elektronik,ACTIVE
100,PROD00100,Nusa Speaker Mini Series 100,Nusa,Elektronik,ACTIVE
101,PROD00101,Nusa Kaos Series 001,Nusa,Fashion,ACTIVE
102,PROD00102,Soluna Kaos Series 002,Soluna,Fashion,ACTIVE
103,PROD00103,Pradana Sandal Series 003,Pradana,Fashion,ACTIVE
104,PROD00104,Avero Tas Series 004,Avero,Fashion,ACTIVE
105,PROD00105,Arunika Jaket Series 005,Arunika,Fashion,ACTIVE
106,PROD00106,Kirana Kemeja Series 006,Kirana,Fashion,ACTIVE
107,PROD00107,Elvano Kemeja Series 007,Elvano,Fashion,ACTIVE
108,PROD00108,Pradana Sandal Series 008,Pradana,Fashion,ACTIVE
109,PROD00109,Arunika Tas Series 009,Arunika,Fashion,ACTIVE
110,PROD00110,Soluna Kaos Series 010,Soluna,Fashion,ACTIVE
111,PROD00111,Nusa Jaket Series 011,Nusa,Fashion,ACTIVE
112,PROD00112,Avero Kemeja Series 012,Avero,Fashion,ACTIVE
113,PROD00113,Soluna Jaket Series 013,Soluna,Fashion,ACTIVE
114,PROD00114,Elvano Sandal Series 014,Elvano,Fashion,ACTIVE
115,PROD00115,Arunika Kaos Series 015,Arunika,Fashion,ACTIVE
116,PROD00116,Arunika Topi Series 016,Arunika,Fashion,ACTIVE
117,PROD00117,Soluna Topi Series 017,Soluna,Fashion,ACTIVE
118,PROD00118,Arunika Sandal Series 018,Arunika,Fashion,ACTIVE
119,PROD00119,Nusa Tas Series 019,Nusa,Fashion,ACTIVE
120,PROD00120,Soluna Sepatu Series 020,Soluna,Fashion,ACTIVE
121,PROD00121,Soluna Sandal Series 021,Soluna,Fashion,ACTIVE
122,PROD00122,Soluna Sandal Series 022,Soluna,Fashion,ACTIVE
123,PROD00123,Avero Kemeja Series 023,Avero,Fashion,ACTIVE
124,PROD00124,Ravena Tas Series 024,Ravena,Fashion,ACTIVE
125,PROD00125,Ravena Sandal Series 025,Ravena,Fashion,ACTIVE
126,PROD00126,Pradana Tas Series 026,Pradana,Fashion,ACTIVE
127,PROD00127,Pradana Topi Series 027,Pradana,Fashion,ACTIVE
128,PROD00128,Ravena Celana Series 028,Ravena,Fashion,ACTIVE
129,PROD00129,Elvano Sepatu Series 029,Elvano,Fashion,ACTIVE
130,PROD00130,Ravena Kemeja Series 030,Ravena,Fashion,ACTIVE
131,PROD00131,Mavera Kemeja Series 031,Mavera,Fashion,ACTIVE
132,PROD00132,Pradana Tas Series 032,Pradana,Fashion,ACTIVE
133,PROD00133,Arunika Celana Series 033,Arunika,Fashion,ACTIVE
134,PROD00134,Elvano Jaket Series 034,Elvano,Fashion,ACTIVE
135,PROD00135,Pradana Tas Series 035,Pradana,Fashion,ACTIVE
136,PROD00136,Velora Topi Series 036,Velora,Fashion,ACTIVE
137,PROD00137,Kirana Celana Series 037,Kirana,Fashion,ACTIVE
138,PROD00138,Mavera Kemeja Series 038,Mavera,Fashion,ACTIVE
139,PROD00139,Elvano Kemeja Series 039,Elvano,Fashion,ACTIVE
140,PROD00140,Elvano Topi Series 040,Elvano,Fashion,ACTIVE
141,PROD00141,Elvano Kemeja Series 041,Elvano,Fashion,ACTIVE
142,PROD00142,Nusa Jaket Series 042,Nusa,Fashion,ACTIVE
143,PROD00143,Avero Tas Series 043,Avero,Fashion,ACTIVE
144,PROD00144,Nusa Celana Series 044,Nusa,Fashion,ACTIVE
145,PROD00145,Soluna Sandal Series 045,Soluna,Fashion,ACTIVE
146,PROD00146,Soluna Sandal Series 046,Soluna,Fashion,ACTIVE
147,PROD00147,Nusa Tas Series 047,Nusa,Fashion,ACTIVE
148,PROD00148,Arunika Topi Series 048,Arunika,Fashion,ACTIVE
149,PROD00149,Mavera Sepatu Series 049,Mavera,Fashion,ACTIVE
150,PROD00150,Kirana Kaos Series 050,Kirana,Fashion,ACTIVE
151,PROD00151,Kirana Jaket Series 051,Kirana,Fashion,ACTIVE
152,PROD00152,Nusa Topi Series 052,Nusa,Fashion,ACTIVE
153,PROD00153,Velora Tas Series 053,Velora,Fashion,ACTIVE
154,PROD00154,Pradana Kaos Series 054,Pradana,Fashion,ACTIVE
155,PROD00155,Pradana Jaket Series 055,Pradana,Fashion,ACTIVE
156,PROD00156,Mavera Jaket Series 056,Mavera,Fashion,ACTIVE
157,PROD00157,Velora Jaket Series 057,Velora,Fashion,ACTIVE
158,PROD00158,Elvano Kaos Series 058,Elvano,Fashion,ACTIVE
159,PROD00159,Arunika Tas Series 059,Arunika,Fashion,ACTIVE
160,PROD00160,Avero Jaket Series 060,Avero,Fashion,ACTIVE
161,PROD00161,Elvano Jaket Series 061,Elvano,Fashion,ACTIVE
162,PROD00162,Arunika Sepatu Series 062,Arunika,Fashion,ACTIVE
163,PROD00163,Velora Topi Series 063,Velora,Fashion,ACTIVE
164,PROD00164,Arunika Kemeja Series 064,Arunika,Fashion,ACTIVE
165,PROD00165,Kirana Sandal Series 065,Kirana,Fashion,ACTIVE
166,PROD00166,Avero Kaos Series 066,Avero,Fashion,ACTIVE
167,PROD00167,Ravena Topi Series 067,Ravena,Fashion,ACTIVE
168,PROD00168,Arunika Topi Series 068,Arunika,Fashion,ACTIVE
169,PROD00169,Avero Topi Series 069,Avero,Fashion,ACTIVE
170,PROD00170,Velora Jaket Series 070,Velora,Fashion,ACTIVE
171,PROD00171,Arunika Celana Series 071,Arunika,Fashion,ACTIVE
172,PROD00172,Nusa Kaos Series 072,Nusa,Fashion,ACTIVE
173,PROD00173,Soluna Jaket Series 073,Soluna,Fashion,ACTIVE
174,PROD00174,Velora Kemeja Series 074,Velora,Fashion,ACTIVE
175,PROD00175,Arunika Sandal Series 075,Arunika,Fashion,ACTIVE
176,PROD00176,Velora Topi Series 076,Velora,Fashion,ACTIVE
177,PROD00177,Mavera Tas Series 077,Mavera,Fashion,ACTIVE
178,PROD00178,Arunika Tas Series 078,Arunika,Fashion,ACTIVE
179,PROD00179,Velora Celana Series 079,Velora,Fashion,ACTIVE
180,PROD00180,Avero Kaos Series 080,Avero,Fashion,ACTIVE
181,PROD00181,Ravena Sandal Series 081,Ravena,Fashion,ACTIVE
182,PROD00182,Nusa Sepatu Series 082,Nusa,Fashion,ACTIVE
183,PROD00183,Soluna Kemeja Series 083,Soluna,Fashion,ACTIVE
184,PROD00184,Nusa Jaket Series 084,Nusa,Fashion,ACTIVE
185,PROD00185,Kirana Tas Series 085,Kirana,Fashion,ACTIVE
186,PROD00186,Arunika Kaos Series 086,Arunika,Fashion,ACTIVE
187,PROD00187,Ravena Topi Series 087,Ravena,Fashion,ACTIVE
188,PROD00188,Ravena Celana Series 088,Ravena,Fashion,ACTIVE
189,PROD00189,Nusa Kemeja Series 089,Nusa,Fashion,ACTIVE
190,PROD00190,Avero Sandal Series 090,Avero,Fashion,ACTIVE
191,PROD00191,Velora Topi Series 091,Velora,Fashion,ACTIVE
192,PROD00192,Arunika Tas Series 092,Arunika,Fashion,ACTIVE
193,PROD00193,Ravena Sandal Series 093,Ravena,Fashion,ACTIVE
194,PROD00194,Velora Kaos Series 094,Velora,Fashion,ACTIVE
195,PROD00195,Arunika Kemeja Series 095,Arunika,Fashion,ACTIVE
196,PROD00196,Nusa Kemeja Series 096,Nusa,Fashion,ACTIVE
197,PROD00197,Kirana Kaos Series 097,Kirana,Fashion,ACTIVE
198,PROD00198,Elvano Sepatu Series 098,Elvano,Fashion,ACTIVE
199,PROD00199,Arunika Kemeja Series 099,Arunika,Fashion,ACTIVE
200,PROD00200,Mavera Celana Series 100,Mavera,Fashion,ACTIVE
201,PROD00201,Nusa Rak Serbaguna Series 001,Nusa,Rumah Tangga,ACTIVE
202,PROD00202,Avero Bantal Series 002,Avero,Rumah Tangga,ACTIVE
203,PROD00203,Pradana Keset Series 003,Pradana,Rumah Tangga,ACTIVE
204,PROD00204,Arunika Sprei Series 004,Arunika,Rumah Tangga,ACTIVE
205,PROD00205,Kirana Wadah Makan Series 005,Kirana,Rumah Tangga,ACTIVE
206,PROD00206,Ravena Kotak Penyimpanan Series 006,Ravena,Rumah Tangga,ACTIVE
207,PROD00207,Arunika Wadah Makan Series 007,Arunika,Rumah Tangga,ACTIVE
208,PROD00208,Avero Keset Series 008,Avero,Rumah Tangga,ACTIVE
209,PROD00209,Soluna Sprei Series 009,Soluna,Rumah Tangga,ACTIVE
210,PROD00210,Arunika Rak Serbaguna Series 010,Arunika,Rumah Tangga,ACTIVE
211,PROD00211,Mavera Sprei Series 011,Mavera,Rumah Tangga,ACTIVE
212,PROD00212,Pradana Keset Series 012,Pradana,Rumah Tangga,ACTIVE
213,PROD00213,Kirana Botol Minum Series 013,Kirana,Rumah Tangga,ACTIVE
214,PROD00214,Elvano Handuk Series 014,Elvano,Rumah Tangga,ACTIVE
215,PROD00215,Velora Botol Minum Series 015,Velora,Rumah Tangga,ACTIVE
216,PROD00216,Kirana Kotak Penyimpanan Series 016,Kirana,Rumah Tangga,ACTIVE
217,PROD00217,Avero Rak Serbaguna Series 017,Avero,Rumah Tangga,ACTIVE
218,PROD00218,Avero Wadah Makan Series 018,Avero,Rumah Tangga,ACTIVE
219,PROD00219,Pradana Keset Series 019,Pradana,Rumah Tangga,ACTIVE
220,PROD00220,Mavera Bantal Series 020,Mavera,Rumah Tangga,ACTIVE
221,PROD00221,Kirana Bantal Series 021,Kirana,Rumah Tangga,ACTIVE
222,PROD00222,Arunika Botol Minum Series 022,Arunika,Rumah Tangga,ACTIVE
223,PROD00223,Kirana Keset Series 023,Kirana,Rumah Tangga,ACTIVE
224,PROD00224,Elvano Keset Series 024,Elvano,Rumah Tangga,ACTIVE
225,PROD00225,Pradana Rak Serbaguna Series 025,Pradana,Rumah Tangga,ACTIVE
226,PROD00226,Soluna Kotak Penyimpanan Series 026,Soluna,Rumah Tangga,ACTIVE
227,PROD00227,Mavera Handuk Series 027,Mavera,Rumah Tangga,ACTIVE
228,PROD00228,Arunika Wadah Makan Series 028,Arunika,Rumah Tangga,ACTIVE
229,PROD00229,Avero Kotak Penyimpanan Series 029,Avero,Rumah Tangga,ACTIVE
230,PROD00230,Kirana Wadah Makan Series 030,Kirana,Rumah Tangga,ACTIVE
231,PROD00231,Avero Sprei Series 031,Avero,Rumah Tangga,ACTIVE
232,PROD00232,Nusa Wadah Makan Series 032,Nusa,Rumah Tangga,ACTIVE
233,PROD00233,Arunika Kotak Penyimpanan Series 033,Arunika,Rumah Tangga,ACTIVE
234,PROD00234,Kirana Kotak Penyimpanan Series 034,Kirana,Rumah Tangga,ACTIVE
235,PROD00235,Elvano Bantal Series 035,Elvano,Rumah Tangga,ACTIVE
236,PROD00236,Arunika Bantal Series 036,Arunika,Rumah Tangga,ACTIVE
237,PROD00237,Pradana Bantal Series 037,Pradana,Rumah Tangga,ACTIVE
238,PROD00238,Nusa Botol Minum Series 038,Nusa,Rumah Tangga,ACTIVE
239,PROD00239,Nusa Keset Series 039,Nusa,Rumah Tangga,ACTIVE
240,PROD00240,Soluna Wadah Makan Series 040,Soluna,Rumah Tangga,ACTIVE
241,PROD00241,Soluna Keset Series 041,Soluna,Rumah Tangga,ACTIVE
242,PROD00242,Mavera Sprei Series 042,Mavera,Rumah Tangga,ACTIVE
243,PROD00243,Ravena Botol Minum Series 043,Ravena,Rumah Tangga,ACTIVE
244,PROD00244,Soluna Sprei Series 044,Soluna,Rumah Tangga,ACTIVE
245,PROD00245,Ravena Wadah Makan Series 045,Ravena,Rumah Tangga,ACTIVE
246,PROD00246,Avero Kotak Penyimpanan Series 046,Avero,Rumah Tangga,ACTIVE
247,PROD00247,Avero Rak Serbaguna Series 047,Avero,Rumah Tangga,ACTIVE
248,PROD00248,Nusa Botol Minum Series 048,Nusa,Rumah Tangga,ACTIVE
249,PROD00249,Pradana Keset Series 049,Pradana,Rumah Tangga,ACTIVE
250,PROD00250,Arunika Botol Minum Series 050,Arunika,Rumah Tangga,ACTIVE
251,PROD00251,Elvano Handuk Series 051,Elvano,Rumah Tangga,ACTIVE
252,PROD00252,Ravena Sprei Series 052,Ravena,Rumah Tangga,ACTIVE
253,PROD00253,Pradana Botol Minum Series 053,Pradana,Rumah Tangga,ACTIVE
254,PROD00254,Arunika Handuk Series 054,Arunika,Rumah Tangga,ACTIVE
255,PROD00255,Elvano Kotak Penyimpanan Series 055,Elvano,Rumah Tangga,ACTIVE
256,PROD00256,Kirana Rak Serbaguna Series 056,Kirana,Rumah Tangga,ACTIVE
257,PROD00257,Arunika Keset Series 057,Arunika,Rumah Tangga,ACTIVE
258,PROD00258,Mavera Wadah Makan Series 058,Mavera,Rumah Tangga,ACTIVE
259,PROD00259,Soluna Kotak Penyimpanan Series 059,Soluna,Rumah Tangga,ACTIVE
260,PROD00260,Elvano Rak Serbaguna Series 060,Elvano,Rumah Tangga,ACTIVE
261,PROD00261,Ravena Bantal Series 061,Ravena,Rumah Tangga,ACTIVE
262,PROD00262,Nusa Rak Serbaguna Series 062,Nusa,Rumah Tangga,ACTIVE
263,PROD00263,Elvano Botol Minum Series 063,Elvano,Rumah Tangga,ACTIVE
264,PROD00264,Kirana Sprei Series 064,Kirana,Rumah Tangga,ACTIVE
265,PROD00265,Mavera Botol Minum Series 065,Mavera,Rumah Tangga,ACTIVE
266,PROD00266,Soluna Wadah Makan Series 066,Soluna,Rumah Tangga,ACTIVE
267,PROD00267,Soluna Rak Serbaguna Series 067,Soluna,Rumah Tangga,ACTIVE
268,PROD00268,Velora Rak Serbaguna Series 068,Velora,Rumah Tangga,ACTIVE
269,PROD00269,Ravena Sprei Series 069,Ravena,Rumah Tangga,ACTIVE
270,PROD00270,Pradana Keset Series 070,Pradana,Rumah Tangga,ACTIVE
271,PROD00271,Nusa Keset Series 071,Nusa,Rumah Tangga,ACTIVE
272,PROD00272,Nusa Bantal Series 072,Nusa,Rumah Tangga,ACTIVE
273,PROD00273,Nusa Wadah Makan Series 073,Nusa,Rumah Tangga,ACTIVE
274,PROD00274,Ravena Kotak Penyimpanan Series 074,Ravena,Rumah Tangga,ACTIVE
275,PROD00275,Ravena Rak Serbaguna Series 075,Ravena,Rumah Tangga,ACTIVE
276,PROD00276,Arunika Botol Minum Series 076,Arunika,Rumah Tangga,ACTIVE
277,PROD00277,Nusa Rak Serbaguna Series 077,Nusa,Rumah Tangga,ACTIVE
278,PROD00278,Arunika Rak Serbaguna Series 078,Arunika,Rumah Tangga,ACTIVE
279,PROD00279,Ravena Rak Serbaguna Series 079,Ravena,Rumah Tangga,ACTIVE
280,PROD00280,Arunika Wadah Makan Series 080,Arunika,Rumah Tangga,ACTIVE
281,PROD00281,Velora Bantal Series 081,Velora,Rumah Tangga,ACTIVE
282,PROD00282,Kirana Bantal Series 082,Kirana,Rumah Tangga,ACTIVE
283,PROD00283,Elvano Rak Serbaguna Series 083,Elvano,Rumah Tangga,ACTIVE
284,PROD00284,Arunika Kotak Penyimpanan Series 084,Arunika,Rumah Tangga,ACTIVE
285,PROD00285,Elvano Handuk Series 085,Elvano,Rumah Tangga,ACTIVE
286,PROD00286,Elvano Sprei Series 086,Elvano,Rumah Tangga,ACTIVE
287,PROD00287,Arunika Botol Minum Series 087,Arunika,Rumah Tangga,ACTIVE
288,PROD00288,Nusa Handuk Series 088,Nusa,Rumah Tangga,ACTIVE
289,PROD00289,Kirana Wadah Makan Series 089,Kirana,Rumah Tangga,ACTIVE
290,PROD00290,Avero Kotak Penyimpanan Series 090,Avero,Rumah Tangga,ACTIVE
291,PROD00291,Nusa Rak Serbaguna Series 091,Nusa,Rumah Tangga,ACTIVE
292,PROD00292,Pradana Sprei Series 092,Pradana,Rumah Tangga,ACTIVE
293,PROD00293,Avero Kotak Penyimpanan Series 093,Avero,Rumah Tangga,ACTIVE
294,PROD00294,Soluna Kotak Penyimpanan Series 094,Soluna,Rumah Tangga,ACTIVE
295,PROD00295,Pradana Sprei Series 095,Pradana,Rumah Tangga,ACTIVE
296,PROD00296,Soluna Rak Serbaguna Series 096,Soluna,Rumah Tangga,ACTIVE
297,PROD00297,Arunika Botol Minum Series 097,Arunika,Rumah Tangga,ACTIVE
298,PROD00298,Mavera Kotak Penyimpanan Series 098,Mavera,Rumah Tangga,ACTIVE
299,PROD00299,Pradana Kotak Penyimpanan Series 099,Pradana,Rumah Tangga,ACTIVE
300,PROD00300,Soluna Rak Serbaguna Series 100,Soluna,Rumah Tangga,ACTIVE
301,PROD00301,Elvano Shampoo Series 001,Elvano,Kecantikan,ACTIVE
302,PROD00302,Nusa Body Lotion Series 002,Nusa,Kecantikan,ACTIVE
303,PROD00303,Velora Lip Tint Series 003,Velora,Kecantikan,ACTIVE
304,PROD00304,Avero Moisturizer Series 004,Avero,Kecantikan,ACTIVE
305,PROD00305,Avero Sunscreen Series 005,Avero,Kecantikan,ACTIVE
306,PROD00306,Kirana Shampoo Series 006,Kirana,Kecantikan,ACTIVE
307,PROD00307,Pradana Shampoo Series 007,Pradana,Kecantikan,ACTIVE
308,PROD00308,Nusa Facial Wash Series 008,Nusa,Kecantikan,ACTIVE
309,PROD00309,Nusa Conditioner Series 009,Nusa,Kecantikan,ACTIVE
310,PROD00310,Elvano Conditioner Series 010,Elvano,Kecantikan,ACTIVE
311,PROD00311,Nusa Lip Tint Series 011,Nusa,Kecantikan,ACTIVE
312,PROD00312,Kirana Shampoo Series 012,Kirana,Kecantikan,ACTIVE
313,PROD00313,Soluna Shampoo Series 013,Soluna,Kecantikan,ACTIVE
314,PROD00314,Kirana Serum Series 014,Kirana,Kecantikan,ACTIVE
315,PROD00315,Soluna Conditioner Series 015,Soluna,Kecantikan,ACTIVE
316,PROD00316,Avero Body Lotion Series 016,Avero,Kecantikan,ACTIVE
317,PROD00317,Soluna Serum Series 017,Soluna,Kecantikan,ACTIVE
318,PROD00318,Avero Facial Wash Series 018,Avero,Kecantikan,ACTIVE
319,PROD00319,Velora Conditioner Series 019,Velora,Kecantikan,ACTIVE
320,PROD00320,Mavera Lip Tint Series 020,Mavera,Kecantikan,ACTIVE
321,PROD00321,Ravena Conditioner Series 021,Ravena,Kecantikan,ACTIVE
322,PROD00322,Arunika Conditioner Series 022,Arunika,Kecantikan,ACTIVE
323,PROD00323,Pradana Body Lotion Series 023,Pradana,Kecantikan,ACTIVE
324,PROD00324,Elvano Conditioner Series 024,Elvano,Kecantikan,ACTIVE
325,PROD00325,Nusa Body Lotion Series 025,Nusa,Kecantikan,ACTIVE
326,PROD00326,Ravena Shampoo Series 026,Ravena,Kecantikan,ACTIVE
327,PROD00327,Soluna Facial Wash Series 027,Soluna,Kecantikan,ACTIVE
328,PROD00328,Mavera Serum Series 028,Mavera,Kecantikan,ACTIVE
329,PROD00329,Kirana Moisturizer Series 029,Kirana,Kecantikan,ACTIVE
330,PROD00330,Avero Shampoo Series 030,Avero,Kecantikan,ACTIVE
331,PROD00331,Nusa Serum Series 031,Nusa,Kecantikan,ACTIVE
332,PROD00332,Pradana Sunscreen Series 032,Pradana,Kecantikan,ACTIVE
333,PROD00333,Velora Moisturizer Series 033,Velora,Kecantikan,ACTIVE
334,PROD00334,Kirana Body Lotion Series 034,Kirana,Kecantikan,ACTIVE
335,PROD00335,Kirana Lip Tint Series 035,Kirana,Kecantikan,ACTIVE
336,PROD00336,Arunika Lip Tint Series 036,Arunika,Kecantikan,ACTIVE
337,PROD00337,Arunika Shampoo Series 037,Arunika,Kecantikan,ACTIVE
338,PROD00338,Velora Lip Tint Series 038,Velora,Kecantikan,ACTIVE
339,PROD00339,Ravena Conditioner Series 039,Ravena,Kecantikan,ACTIVE
340,PROD00340,Avero Shampoo Series 040,Avero,Kecantikan,ACTIVE
341,PROD00341,Arunika Moisturizer Series 041,Arunika,Kecantikan,ACTIVE
342,PROD00342,Kirana Lip Tint Series 042,Kirana,Kecantikan,ACTIVE
343,PROD00343,Pradana Facial Wash Series 043,Pradana,Kecantikan,ACTIVE
344,PROD00344,Mavera Lip Tint Series 044,Mavera,Kecantikan,ACTIVE
345,PROD00345,Velora Shampoo Series 045,Velora,Kecantikan,ACTIVE
346,PROD00346,Velora Body Lotion Series 046,Velora,Kecantikan,ACTIVE
347,PROD00347,Kirana Body Lotion Series 047,Kirana,Kecantikan,ACTIVE
348,PROD00348,Soluna Body Lotion Series 048,Soluna,Kecantikan,ACTIVE
349,PROD00349,Kirana Moisturizer Series 049,Kirana,Kecantikan,ACTIVE
350,PROD00350,Pradana Body Lotion Series 050,Pradana,Kecantikan,ACTIVE
351,PROD00351,Elvano Serum Series 051,Elvano,Kecantikan,ACTIVE
352,PROD00352,Pradana Facial Wash Series 052,Pradana,Kecantikan,ACTIVE
353,PROD00353,Mavera Lip Tint Series 053,Mavera,Kecantikan,ACTIVE
354,PROD00354,Elvano Shampoo Series 054,Elvano,Kecantikan,ACTIVE
355,PROD00355,Soluna Facial Wash Series 055,Soluna,Kecantikan,ACTIVE
356,PROD00356,Nusa Sunscreen Series 056,Nusa,Kecantikan,ACTIVE
357,PROD00357,Elvano Moisturizer Series 057,Elvano,Kecantikan,ACTIVE
358,PROD00358,Nusa Facial Wash Series 058,Nusa,Kecantikan,ACTIVE
359,PROD00359,Ravena Facial Wash Series 059,Ravena,Kecantikan,ACTIVE
360,PROD00360,Soluna Shampoo Series 060,Soluna,Kecantikan,ACTIVE
361,PROD00361,Elvano Lip Tint Series 061,Elvano,Kecantikan,ACTIVE
362,PROD00362,Mavera Serum Series 062,Mavera,Kecantikan,ACTIVE
363,PROD00363,Nusa Facial Wash Series 063,Nusa,Kecantikan,ACTIVE
364,PROD00364,Velora Moisturizer Series 064,Velora,Kecantikan,ACTIVE
365,PROD00365,Nusa Shampoo Series 065,Nusa,Kecantikan,ACTIVE
366,PROD00366,Avero Sunscreen Series 066,Avero,Kecantikan,ACTIVE
367,PROD00367,Elvano Conditioner Series 067,Elvano,Kecantikan,ACTIVE
368,PROD00368,Kirana Serum Series 068,Kirana,Kecantikan,ACTIVE
369,PROD00369,Elvano Moisturizer Series 069,Elvano,Kecantikan,ACTIVE
370,PROD00370,Nusa Sunscreen Series 070,Nusa,Kecantikan,ACTIVE
371,PROD00371,Ravena Lip Tint Series 071,Ravena,Kecantikan,ACTIVE
372,PROD00372,Mavera Body Lotion Series 072,Mavera,Kecantikan,ACTIVE
373,PROD00373,Velora Moisturizer Series 073,Velora,Kecantikan,ACTIVE
374,PROD00374,Velora Facial Wash Series 074,Velora,Kecantikan,ACTIVE
375,PROD00375,Pradana Facial Wash Series 075,Pradana,Kecantikan,ACTIVE
376,PROD00376,Nusa Body Lotion Series 076,Nusa,Kecantikan,ACTIVE
377,PROD00377,Kirana Sunscreen Series 077,Kirana,Kecantikan,ACTIVE
378,PROD00378,Arunika Facial Wash Series 078,Arunika,Kecantikan,ACTIVE
379,PROD00379,Pradana Moisturizer Series 079,Pradana,Kecantikan,ACTIVE
380,PROD00380,Arunika Lip Tint Series 080,Arunika,Kecantikan,ACTIVE
381,PROD00381,Mavera Facial Wash Series 081,Mavera,Kecantikan,ACTIVE
382,PROD00382,Elvano Sunscreen Series 082,Elvano,Kecantikan,ACTIVE
383,PROD00383,Kirana Serum Series 083,Kirana,Kecantikan,ACTIVE
384,PROD00384,Nusa Shampoo Series 084,Nusa,Kecantikan,ACTIVE
385,PROD00385,Kirana Facial Wash Series 085,Kirana,Kecantikan,ACTIVE
386,PROD00386,Mavera Facial Wash Series 086,Mavera,Kecantikan,ACTIVE
387,PROD00387,Nusa Facial Wash Series 087,Nusa,Kecantikan,ACTIVE
388,PROD00388,Elvano Sunscreen Series 088,Elvano,Kecantikan,ACTIVE
389,PROD00389,Pradana Conditioner Series 089,Pradana,Kecantikan,ACTIVE
390,PROD00390,Avero Shampoo Series 090,Avero,Kecantikan,ACTIVE
391,PROD00391,Pradana Lip Tint Series 091,Pradana,Kecantikan,ACTIVE
392,PROD00392,Elvano Facial Wash Series 092,Elvano,Kecantikan,ACTIVE
393,PROD00393,Pradana Moisturizer Series 093,Pradana,Kecantikan,ACTIVE
394,PROD00394,Mavera Facial Wash Series 094,Mavera,Kecantikan,ACTIVE
395,PROD00395,Arunika Conditioner Series 095,Arunika,Kecantikan,ACTIVE
396,PROD00396,Mavera Shampoo Series 096,Mavera,Kecantikan,ACTIVE
397,PROD00397,Avero Serum Series 097,Avero,Kecantikan,ACTIVE
398,PROD00398,Mavera Body Lotion Series 098,Mavera,Kecantikan,ACTIVE
399,PROD00399,Arunika Sunscreen Series 099,Arunika,Kecantikan,ACTIVE
400,PROD00400,Arunika Shampoo Series 100,Arunika,Kecantikan,ACTIVE
401,PROD00401,Nusa Kaos Olahraga Series 001,Nusa,Olahraga,ACTIVE
402,PROD00402,Kirana Kaos Olahraga Series 002,Kirana,Olahraga,ACTIVE
403,PROD00403,Kirana Skipping Rope Series 003,Kirana,Olahraga,ACTIVE
404,PROD00404,Elvano Hand Grip Series 004,Elvano,Olahraga,ACTIVE
405,PROD00405,Elvano Botol Sport Series 005,Elvano,Olahraga,ACTIVE
406,PROD00406,Soluna Hand Grip Series 006,Soluna,Olahraga,ACTIVE
407,PROD00407,Kirana Resistance Band Series 007,Kirana,Olahraga,ACTIVE
408,PROD00408,Soluna Sarung Tangan Gym Series 008,Soluna,Olahraga,ACTIVE
409,PROD00409,Avero Hand Grip Series 009,Avero,Olahraga,ACTIVE
410,PROD00410,Kirana Hand Grip Series 010,Kirana,Olahraga,ACTIVE
411,PROD00411,Soluna Botol Sport Series 011,Soluna,Olahraga,ACTIVE
412,PROD00412,Arunika Sarung Tangan Gym Series 012,Arunika,Olahraga,ACTIVE
413,PROD00413,Arunika Skipping Rope Series 013,Arunika,Olahraga,ACTIVE
414,PROD00414,Nusa Tas Gym Series 014,Nusa,Olahraga,ACTIVE
415,PROD00415,Soluna Matras Yoga Series 015,Soluna,Olahraga,ACTIVE
416,PROD00416,Avero Skipping Rope Series 016,Avero,Olahraga,ACTIVE
417,PROD00417,Avero Sarung Tangan Gym Series 017,Avero,Olahraga,ACTIVE
418,PROD00418,Nusa Kaos Olahraga Series 018,Nusa,Olahraga,ACTIVE
419,PROD00419,Ravena Hand Grip Series 019,Ravena,Olahraga,ACTIVE
420,PROD00420,Avero Matras Yoga Series 020,Avero,Olahraga,ACTIVE
421,PROD00421,Ravena Kaos Olahraga Series 021,Ravena,Olahraga,ACTIVE
422,PROD00422,Avero Tas Gym Series 022,Avero,Olahraga,ACTIVE
423,PROD00423,Pradana Skipping Rope Series 023,Pradana,Olahraga,ACTIVE
424,PROD00424,Velora Resistance Band Series 024,Velora,Olahraga,ACTIVE
425,PROD00425,Ravena Skipping Rope Series 025,Ravena,Olahraga,ACTIVE
426,PROD00426,Avero Matras Yoga Series 026,Avero,Olahraga,ACTIVE
427,PROD00427,Ravena Botol Sport Series 027,Ravena,Olahraga,ACTIVE
428,PROD00428,Elvano Matras Yoga Series 028,Elvano,Olahraga,ACTIVE
429,PROD00429,Velora Hand Grip Series 029,Velora,Olahraga,ACTIVE
430,PROD00430,Nusa Sarung Tangan Gym Series 030,Nusa,Olahraga,ACTIVE
431,PROD00431,Pradana Tas Gym Series 031,Pradana,Olahraga,ACTIVE
432,PROD00432,Kirana Resistance Band Series 032,Kirana,Olahraga,ACTIVE
433,PROD00433,Mavera Matras Yoga Series 033,Mavera,Olahraga,ACTIVE
434,PROD00434,Arunika Skipping Rope Series 034,Arunika,Olahraga,ACTIVE
435,PROD00435,Kirana Hand Grip Series 035,Kirana,Olahraga,ACTIVE
436,PROD00436,Avero Skipping Rope Series 036,Avero,Olahraga,ACTIVE
437,PROD00437,Mavera Kaos Olahraga Series 037,Mavera,Olahraga,ACTIVE
438,PROD00438,Ravena Sarung Tangan Gym Series 038,Ravena,Olahraga,ACTIVE
439,PROD00439,Nusa Hand Grip Series 039,Nusa,Olahraga,ACTIVE
440,PROD00440,Ravena Sarung Tangan Gym Series 040,Ravena,Olahraga,ACTIVE
441,PROD00441,Elvano Sarung Tangan Gym Series 041,Elvano,Olahraga,ACTIVE
442,PROD00442,Ravena Resistance Band Series 042,Ravena,Olahraga,ACTIVE
443,PROD00443,Ravena Botol Sport Series 043,Ravena,Olahraga,ACTIVE
444,PROD00444,Avero Hand Grip Series 044,Avero,Olahraga,ACTIVE
445,PROD00445,Pradana Skipping Rope Series 045,Pradana,Olahraga,ACTIVE
446,PROD00446,Pradana Tas Gym Series 046,Pradana,Olahraga,ACTIVE
447,PROD00447,Soluna Sarung Tangan Gym Series 047,Soluna,Olahraga,ACTIVE
448,PROD00448,Pradana Skipping Rope Series 048,Pradana,Olahraga,ACTIVE
449,PROD00449,Soluna Tas Gym Series 049,Soluna,Olahraga,ACTIVE
450,PROD00450,Soluna Sarung Tangan Gym Series 050,Soluna,Olahraga,ACTIVE
451,PROD00451,Nusa Sarung Tangan Gym Series 051,Nusa,Olahraga,ACTIVE
452,PROD00452,Nusa Resistance Band Series 052,Nusa,Olahraga,ACTIVE
453,PROD00453,Nusa Resistance Band Series 053,Nusa,Olahraga,ACTIVE
454,PROD00454,Mavera Hand Grip Series 054,Mavera,Olahraga,ACTIVE
455,PROD00455,Pradana Botol Sport Series 055,Pradana,Olahraga,ACTIVE
456,PROD00456,Arunika Hand Grip Series 056,Arunika,Olahraga,ACTIVE
457,PROD00457,Kirana Hand Grip Series 057,Kirana,Olahraga,ACTIVE
458,PROD00458,Mavera Tas Gym Series 058,Mavera,Olahraga,ACTIVE
459,PROD00459,Kirana Hand Grip Series 059,Kirana,Olahraga,ACTIVE
460,PROD00460,Kirana Sarung Tangan Gym Series 060,Kirana,Olahraga,ACTIVE
461,PROD00461,Ravena Resistance Band Series 061,Ravena,Olahraga,ACTIVE
462,PROD00462,Ravena Hand Grip Series 062,Ravena,Olahraga,ACTIVE
463,PROD00463,Ravena Matras Yoga Series 063,Ravena,Olahraga,ACTIVE
464,PROD00464,Mavera Kaos Olahraga Series 064,Mavera,Olahraga,ACTIVE
465,PROD00465,Pradana Skipping Rope Series 065,Pradana,Olahraga,ACTIVE
466,PROD00466,Arunika Hand Grip Series 066,Arunika,Olahraga,ACTIVE
467,PROD00467,Arunika Resistance Band Series 067,Arunika,Olahraga,ACTIVE
468,PROD00468,Nusa Hand Grip Series 068,Nusa,Olahraga,ACTIVE
469,PROD00469,Soluna Matras Yoga Series 069,Soluna,Olahraga,ACTIVE
470,PROD00470,Pradana Hand Grip Series 070,Pradana,Olahraga,ACTIVE
471,PROD00471,Ravena Kaos Olahraga Series 071,Ravena,Olahraga,ACTIVE
472,PROD00472,Nusa Hand Grip Series 072,Nusa,Olahraga,ACTIVE
473,PROD00473,Kirana Hand Grip Series 073,Kirana,Olahraga,ACTIVE
474,PROD00474,Elvano Skipping Rope Series 074,Elvano,Olahraga,ACTIVE
475,PROD00475,Velora Tas Gym Series 075,Velora,Olahraga,ACTIVE
476,PROD00476,Velora Botol Sport Series 076,Velora,Olahraga,ACTIVE
477,PROD00477,Elvano Sarung Tangan Gym Series 077,Elvano,Olahraga,ACTIVE
478,PROD00478,Pradana Sarung Tangan Gym Series 078,Pradana,Olahraga,ACTIVE
479,PROD00479,Velora Resistance Band Series 079,Velora,Olahraga,ACTIVE
480,PROD00480,Mavera Matras Yoga Series 080,Mavera,Olahraga,ACTIVE
481,PROD00481,Mavera Matras Yoga Series 081,Mavera,Olahraga,ACTIVE
482,PROD00482,Avero Matras Yoga Series 082,Avero,Olahraga,ACTIVE
483,PROD00483,Nusa Botol Sport Series 083,Nusa,Olahraga,ACTIVE
484,PROD00484,Elvano Hand Grip Series 084,Elvano,Olahraga,ACTIVE
485,PROD00485,Ravena Matras Yoga Series 085,Ravena,Olahraga,ACTIVE
486,PROD00486,Nusa Matras Yoga Series 086,Nusa,Olahraga,ACTIVE
487,PROD00487,Elvano Skipping Rope Series 087,Elvano,Olahraga,ACTIVE
488,PROD00488,Elvano Hand Grip Series 088,Elvano,Olahraga,ACTIVE
489,PROD00489,Avero Sarung Tangan Gym Series 089,Avero,Olahraga,ACTIVE
490,PROD00490,Ravena Kaos Olahraga Series 090,Ravena,Olahraga,ACTIVE
491,PROD00491,Kirana Tas Gym Series 091,Kirana,Olahraga,ACTIVE
492,PROD00492,Avero Kaos Olahraga Series 092,Avero,Olahraga,ACTIVE
493,PROD00493,Ravena Botol Sport Series 093,Ravena,Olahraga,ACTIVE
494,PROD00494,Nusa Hand Grip Series 094,Nusa,Olahraga,ACTIVE
495,PROD00495,Elvano Botol Sport Series 095,Elvano,Olahraga,ACTIVE
496,PROD00496,Nusa Skipping Rope Series 096,Nusa,Olahraga,ACTIVE
497,PROD00497,Pradana Sarung Tangan Gym Series 097,Pradana,Olahraga,ACTIVE
498,PROD00498,Ravena Hand Grip Series 098,Ravena,Olahraga,ACTIVE
499,PROD00499,Ravena Skipping Rope Series 099,Ravena,Olahraga,ACTIVE
500,PROD00500,Soluna Hand Grip Series 100,Soluna,Olahraga,ACTIVE
501,PROD00501,Pradana Teh Celup Series 001,Pradana,Makanan,ACTIVE
502,PROD00502,Arunika Granola Series 002,Arunika,Makanan,ACTIVE
503,PROD00503,Kirana Teh Celup Series 003,Kirana,Makanan,ACTIVE
504,PROD00504,Pradana Cokelat Series 004,Pradana,Makanan,ACTIVE
505,PROD00505,Avero Keripik Series 005,Avero,Makanan,ACTIVE
506,PROD00506,Avero Cokelat Series 006,Avero,Makanan,ACTIVE
507,PROD00507,Avero Teh Celup Series 007,Avero,Makanan,ACTIVE
508,PROD00508,Kirana Granola Series 008,Kirana,Makanan,ACTIVE
509,PROD00509,Mavera Granola Series 009,Mavera,Makanan,ACTIVE
510,PROD00510,Soluna Kopi Bubuk Series 010,Soluna,Makanan,ACTIVE
511,PROD00511,Pradana Sambal Series 011,Pradana,Makanan,ACTIVE
512,PROD00512,Ravena Keripik Series 012,Ravena,Makanan,ACTIVE
513,PROD00513,Mavera Biskuit Series 013,Mavera,Makanan,ACTIVE
514,PROD00514,Ravena Sambal Series 014,Ravena,Makanan,ACTIVE
515,PROD00515,Avero Kopi Bubuk Series 015,Avero,Makanan,ACTIVE
516,PROD00516,Avero Teh Celup Series 016,Avero,Makanan,ACTIVE
517,PROD00517,Velora Sambal Series 017,Velora,Makanan,ACTIVE
518,PROD00518,Velora Biskuit Series 018,Velora,Makanan,ACTIVE
519,PROD00519,Mavera Teh Celup Series 019,Mavera,Makanan,ACTIVE
520,PROD00520,Mavera Teh Celup Series 020,Mavera,Makanan,ACTIVE
521,PROD00521,Soluna Biskuit Series 021,Soluna,Makanan,ACTIVE
522,PROD00522,Pradana Granola Series 022,Pradana,Makanan,ACTIVE
523,PROD00523,Kirana Biskuit Series 023,Kirana,Makanan,ACTIVE
524,PROD00524,Ravena Teh Celup Series 024,Ravena,Makanan,ACTIVE
525,PROD00525,Mavera Biskuit Series 025,Mavera,Makanan,ACTIVE
526,PROD00526,Elvano Teh Celup Series 026,Elvano,Makanan,ACTIVE
527,PROD00527,Mavera Granola Series 027,Mavera,Makanan,ACTIVE
528,PROD00528,Velora Keripik Series 028,Velora,Makanan,ACTIVE
529,PROD00529,Kirana Cokelat Series 029,Kirana,Makanan,ACTIVE
530,PROD00530,Mavera Kopi Bubuk Series 030,Mavera,Makanan,ACTIVE
531,PROD00531,Nusa Sambal Series 031,Nusa,Makanan,ACTIVE
532,PROD00532,Elvano Madu Series 032,Elvano,Makanan,ACTIVE
533,PROD00533,Mavera Keripik Series 033,Mavera,Makanan,ACTIVE
534,PROD00534,Kirana Cokelat Series 034,Kirana,Makanan,ACTIVE
535,PROD00535,Elvano Cokelat Series 035,Elvano,Makanan,ACTIVE
536,PROD00536,Mavera Cokelat Series 036,Mavera,Makanan,ACTIVE
537,PROD00537,Velora Biskuit Series 037,Velora,Makanan,ACTIVE
538,PROD00538,Mavera Kopi Bubuk Series 038,Mavera,Makanan,ACTIVE
539,PROD00539,Pradana Biskuit Series 039,Pradana,Makanan,ACTIVE
540,PROD00540,Avero Teh Celup Series 040,Avero,Makanan,ACTIVE
541,PROD00541,Elvano Kopi Bubuk Series 041,Elvano,Makanan,ACTIVE
542,PROD00542,Avero Biskuit Series 042,Avero,Makanan,ACTIVE
543,PROD00543,Pradana Sambal Series 043,Pradana,Makanan,ACTIVE
544,PROD00544,Mavera Keripik Series 044,Mavera,Makanan,ACTIVE
545,PROD00545,Kirana Madu Series 045,Kirana,Makanan,ACTIVE
546,PROD00546,Arunika Sambal Series 046,Arunika,Makanan,ACTIVE
547,PROD00547,Nusa Granola Series 047,Nusa,Makanan,ACTIVE
548,PROD00548,Avero Keripik Series 048,Avero,Makanan,ACTIVE
549,PROD00549,Elvano Sambal Series 049,Elvano,Makanan,ACTIVE
550,PROD00550,Avero Teh Celup Series 050,Avero,Makanan,ACTIVE
551,PROD00551,Nusa Granola Series 051,Nusa,Makanan,ACTIVE
552,PROD00552,Pradana Keripik Series 052,Pradana,Makanan,ACTIVE
553,PROD00553,Soluna Kopi Bubuk Series 053,Soluna,Makanan,ACTIVE
554,PROD00554,Mavera Granola Series 054,Mavera,Makanan,ACTIVE
555,PROD00555,Nusa Teh Celup Series 055,Nusa,Makanan,ACTIVE
556,PROD00556,Kirana Cokelat Series 056,Kirana,Makanan,ACTIVE
557,PROD00557,Soluna Kopi Bubuk Series 057,Soluna,Makanan,ACTIVE
558,PROD00558,Velora Keripik Series 058,Velora,Makanan,ACTIVE
559,PROD00559,Elvano Sambal Series 059,Elvano,Makanan,ACTIVE
560,PROD00560,Ravena Cokelat Series 060,Ravena,Makanan,ACTIVE
561,PROD00561,Velora Keripik Series 061,Velora,Makanan,ACTIVE
562,PROD00562,Soluna Kopi Bubuk Series 062,Soluna,Makanan,ACTIVE
563,PROD00563,Avero Kopi Bubuk Series 063,Avero,Makanan,ACTIVE
564,PROD00564,Ravena Kopi Bubuk Series 064,Ravena,Makanan,ACTIVE
565,PROD00565,Pradana Biskuit Series 065,Pradana,Makanan,ACTIVE
566,PROD00566,Mavera Kopi Bubuk Series 066,Mavera,Makanan,ACTIVE
567,PROD00567,Avero Granola Series 067,Avero,Makanan,ACTIVE
568,PROD00568,Avero Madu Series 068,Avero,Makanan,ACTIVE
569,PROD00569,Kirana Madu Series 069,Kirana,Makanan,ACTIVE
570,PROD00570,Ravena Granola Series 070,Ravena,Makanan,ACTIVE
571,PROD00571,Mavera Keripik Series 071,Mavera,Makanan,ACTIVE
572,PROD00572,Mavera Granola Series 072,Mavera,Makanan,ACTIVE
573,PROD00573,Pradana Teh Celup Series 073,Pradana,Makanan,ACTIVE
574,PROD00574,Mavera Granola Series 074,Mavera,Makanan,ACTIVE
575,PROD00575,Mavera Sambal Series 075,Mavera,Makanan,ACTIVE
576,PROD00576,Ravena Biskuit Series 076,Ravena,Makanan,ACTIVE
577,PROD00577,Soluna Keripik Series 077,Soluna,Makanan,ACTIVE
578,PROD00578,Ravena Teh Celup Series 078,Ravena,Makanan,ACTIVE
579,PROD00579,Pradana Sambal Series 079,Pradana,Makanan,ACTIVE
580,PROD00580,Soluna Biskuit Series 080,Soluna,Makanan,ACTIVE
581,PROD00581,Elvano Biskuit Series 081,Elvano,Makanan,ACTIVE
582,PROD00582,Avero Sambal Series 082,Avero,Makanan,ACTIVE
583,PROD00583,Ravena Teh Celup Series 083,Ravena,Makanan,ACTIVE
584,PROD00584,Mavera Sambal Series 084,Mavera,Makanan,ACTIVE
585,PROD00585,Pradana Kopi Bubuk Series 085,Pradana,Makanan,ACTIVE
586,PROD00586,Ravena Biskuit Series 086,Ravena,Makanan,ACTIVE
587,PROD00587,Soluna Biskuit Series 087,Soluna,Makanan,ACTIVE
588,PROD00588,Arunika Madu Series 088,Arunika,Makanan,ACTIVE
589,PROD00589,Soluna Kopi Bubuk Series 089,Soluna,Makanan,ACTIVE
590,PROD00590,Mavera Sambal Series 090,Mavera,Makanan,ACTIVE
591,PROD00591,Mavera Biskuit Series 091,Mavera,Makanan,ACTIVE
592,PROD00592,Elvano Kopi Bubuk Series 092,Elvano,Makanan,ACTIVE
593,PROD00593,Velora Madu Series 093,Velora,Makanan,ACTIVE
594,PROD00594,Mavera Keripik Series 094,Mavera,Makanan,ACTIVE
595,PROD00595,Ravena Kopi Bubuk Series 095,Ravena,Makanan,ACTIVE
596,PROD00596,Elvano Kopi Bubuk Series 096,Elvano,Makanan,ACTIVE
597,PROD00597,Velora Teh Celup Series 097,Velora,Makanan,ACTIVE
598,PROD00598,Nusa Cokelat Series 098,Nusa,Makanan,ACTIVE
599,PROD00599,Elvano Sambal Series 099,Elvano,Makanan,ACTIVE
600,PROD00600,Nusa Granola Series 100,Nusa,Makanan,ACTIVE
601,PROD00601,Avero Map Dokumen Series 001,Avero,Buku & ATK,ACTIVE
602,PROD00602,Kirana Notebook Series 002,Kirana,Buku & ATK,ACTIVE
603,PROD00603,Arunika Sticky Notes Series 003,Arunika,Buku & ATK,ACTIVE
604,PROD00604,Nusa Pensil Series 004,Nusa,Buku & ATK,ACTIVE
605,PROD00605,Mavera Buku Tulis Series 005,Mavera,Buku & ATK,ACTIVE
606,PROD00606,Avero Map Dokumen Series 006,Avero,Buku & ATK,ACTIVE
607,PROD00607,Pradana Marker Series 007,Pradana,Buku & ATK,ACTIVE
608,PROD00608,Velora Pulpen Series 008,Velora,Buku & ATK,ACTIVE
609,PROD00609,Nusa Buku Tulis Series 009,Nusa,Buku & ATK,ACTIVE
610,PROD00610,Mavera Map Dokumen Series 010,Mavera,Buku & ATK,ACTIVE
611,PROD00611,Pradana Pulpen Series 011,Pradana,Buku & ATK,ACTIVE
612,PROD00612,Pradana Binder Series 012,Pradana,Buku & ATK,ACTIVE
613,PROD00613,Ravena Buku Tulis Series 013,Ravena,Buku & ATK,ACTIVE
614,PROD00614,Mavera Sticky Notes Series 014,Mavera,Buku & ATK,ACTIVE
615,PROD00615,Elvano Notebook Series 015,Elvano,Buku & ATK,ACTIVE
616,PROD00616,Avero Marker Series 016,Avero,Buku & ATK,ACTIVE
617,PROD00617,Soluna Buku Tulis Series 017,Soluna,Buku & ATK,ACTIVE
618,PROD00618,Ravena Map Dokumen Series 018,Ravena,Buku & ATK,ACTIVE
619,PROD00619,Elvano Notebook Series 019,Elvano,Buku & ATK,ACTIVE
620,PROD00620,Nusa Sticky Notes Series 020,Nusa,Buku & ATK,ACTIVE
621,PROD00621,Velora Buku Tulis Series 021,Velora,Buku & ATK,ACTIVE
622,PROD00622,Velora Binder Series 022,Velora,Buku & ATK,ACTIVE
623,PROD00623,Ravena Notebook Series 023,Ravena,Buku & ATK,ACTIVE
624,PROD00624,Ravena Pensil Series 024,Ravena,Buku & ATK,ACTIVE
625,PROD00625,Soluna Notebook Series 025,Soluna,Buku & ATK,ACTIVE
626,PROD00626,Velora Buku Tulis Series 026,Velora,Buku & ATK,ACTIVE
627,PROD00627,Arunika Binder Series 027,Arunika,Buku & ATK,ACTIVE
628,PROD00628,Velora Pulpen Series 028,Velora,Buku & ATK,ACTIVE
629,PROD00629,Arunika Marker Series 029,Arunika,Buku & ATK,ACTIVE
630,PROD00630,Kirana Sticky Notes Series 030,Kirana,Buku & ATK,ACTIVE
631,PROD00631,Ravena Binder Series 031,Ravena,Buku & ATK,ACTIVE
632,PROD00632,Velora Marker Series 032,Velora,Buku & ATK,ACTIVE
633,PROD00633,Arunika Pulpen Series 033,Arunika,Buku & ATK,ACTIVE
634,PROD00634,Avero Binder Series 034,Avero,Buku & ATK,ACTIVE
635,PROD00635,Arunika Buku Tulis Series 035,Arunika,Buku & ATK,ACTIVE
636,PROD00636,Arunika Pensil Series 036,Arunika,Buku & ATK,ACTIVE
637,PROD00637,Mavera Binder Series 037,Mavera,Buku & ATK,ACTIVE
638,PROD00638,Velora Pensil Series 038,Velora,Buku & ATK,ACTIVE
639,PROD00639,Kirana Buku Tulis Series 039,Kirana,Buku & ATK,ACTIVE
640,PROD00640,Arunika Pensil Series 040,Arunika,Buku & ATK,ACTIVE
641,PROD00641,Nusa Map Dokumen Series 041,Nusa,Buku & ATK,ACTIVE
642,PROD00642,Avero Binder Series 042,Avero,Buku & ATK,ACTIVE
643,PROD00643,Avero Pensil Series 043,Avero,Buku & ATK,ACTIVE
644,PROD00644,Ravena Notebook Series 044,Ravena,Buku & ATK,ACTIVE
645,PROD00645,Avero Pensil Series 045,Avero,Buku & ATK,ACTIVE
646,PROD00646,Nusa Map Dokumen Series 046,Nusa,Buku & ATK,ACTIVE
647,PROD00647,Avero Marker Series 047,Avero,Buku & ATK,ACTIVE
648,PROD00648,Arunika Binder Series 048,Arunika,Buku & ATK,ACTIVE
649,PROD00649,Kirana Marker Series 049,Kirana,Buku & ATK,ACTIVE
650,PROD00650,Soluna Marker Series 050,Soluna,Buku & ATK,ACTIVE
651,PROD00651,Soluna Buku Tulis Series 051,Soluna,Buku & ATK,ACTIVE
652,PROD00652,Nusa Pensil Series 052,Nusa,Buku & ATK,ACTIVE
653,PROD00653,Pradana Pensil Series 053,Pradana,Buku & ATK,ACTIVE
654,PROD00654,Nusa Binder Series 054,Nusa,Buku & ATK,ACTIVE
655,PROD00655,Elvano Buku Tulis Series 055,Elvano,Buku & ATK,ACTIVE
656,PROD00656,Pradana Buku Tulis Series 056,Pradana,Buku & ATK,ACTIVE
657,PROD00657,Nusa Pensil Series 057,Nusa,Buku & ATK,ACTIVE
658,PROD00658,Mavera Pulpen Series 058,Mavera,Buku & ATK,ACTIVE
659,PROD00659,Ravena Notebook Series 059,Ravena,Buku & ATK,ACTIVE
660,PROD00660,Pradana Pensil Series 060,Pradana,Buku & ATK,ACTIVE
661,PROD00661,Mavera Marker Series 061,Mavera,Buku & ATK,ACTIVE
662,PROD00662,Elvano Marker Series 062,Elvano,Buku & ATK,ACTIVE
663,PROD00663,Pradana Marker Series 063,Pradana,Buku & ATK,ACTIVE
664,PROD00664,Mavera Buku Tulis Series 064,Mavera,Buku & ATK,ACTIVE
665,PROD00665,Soluna Sticky Notes Series 065,Soluna,Buku & ATK,ACTIVE
666,PROD00666,Ravena Pensil Series 066,Ravena,Buku & ATK,ACTIVE
667,PROD00667,Ravena Binder Series 067,Ravena,Buku & ATK,ACTIVE
668,PROD00668,Kirana Buku Tulis Series 068,Kirana,Buku & ATK,ACTIVE
669,PROD00669,Elvano Sticky Notes Series 069,Elvano,Buku & ATK,ACTIVE
670,PROD00670,Mavera Pulpen Series 070,Mavera,Buku & ATK,ACTIVE
671,PROD00671,Nusa Binder Series 071,Nusa,Buku & ATK,ACTIVE
672,PROD00672,Mavera Marker Series 072,Mavera,Buku & ATK,ACTIVE
673,PROD00673,Ravena Pensil Series 073,Ravena,Buku & ATK,ACTIVE
674,PROD00674,Elvano Marker Series 074,Elvano,Buku & ATK,ACTIVE
675,PROD00675,Velora Marker Series 075,Velora,Buku & ATK,ACTIVE
676,PROD00676,Ravena Notebook Series 076,Ravena,Buku & ATK,ACTIVE
677,PROD00677,Pradana Marker Series 077,Pradana,Buku & ATK,ACTIVE
678,PROD00678,Nusa Marker Series 078,Nusa,Buku & ATK,ACTIVE
679,PROD00679,Pradana Pulpen Series 079,Pradana,Buku & ATK,ACTIVE
680,PROD00680,Ravena Pulpen Series 080,Ravena,Buku & ATK,ACTIVE
681,PROD00681,Velora Notebook Series 081,Velora,Buku & ATK,ACTIVE
682,PROD00682,Elvano Sticky Notes Series 082,Elvano,Buku & ATK,ACTIVE
683,PROD00683,Nusa Binder Series 083,Nusa,Buku & ATK,ACTIVE
684,PROD00684,Arunika Buku Tulis Series 084,Arunika,Buku & ATK,ACTIVE
685,PROD00685,Velora Buku Tulis Series 085,Velora,Buku & ATK,ACTIVE
686,PROD00686,Mavera Marker Series 086,Mavera,Buku & ATK,ACTIVE
687,PROD00687,Soluna Binder Series 087,Soluna,Buku & ATK,ACTIVE
688,PROD00688,Avero Pensil Series 088,Avero,Buku & ATK,ACTIVE
689,PROD00689,Velora Buku Tulis Series 089,Velora,Buku & ATK,ACTIVE
690,PROD00690,Kirana Pensil Series 090,Kirana,Buku & ATK,ACTIVE
691,PROD00691,Avero Map Dokumen Series 091,Avero,Buku & ATK,ACTIVE
692,PROD00692,Avero Binder Series 092,Avero,Buku & ATK,ACTIVE
693,PROD00693,Ravena Pulpen Series 093,Ravena,Buku & ATK,ACTIVE
694,PROD00694,Kirana Pulpen Series 094,Kirana,Buku & ATK,ACTIVE
695,PROD00695,Velora Map Dokumen Series 095,Velora,Buku & ATK,ACTIVE
696,PROD00696,Ravena Notebook Series 096,Ravena,Buku & ATK,ACTIVE
697,PROD00697,Soluna Marker Series 097,Soluna,Buku & ATK,ACTIVE
698,PROD00698,Avero Binder Series 098,Avero,Buku & ATK,ACTIVE
699,PROD00699,Arunika Pulpen Series 099,Arunika,Buku & ATK,ACTIVE
700,PROD00700,Pradana Buku Tulis Series 100,Pradana,Buku & ATK,ACTIVE
701,PROD00701,Arunika Pengharum Mobil Series 001,Arunika,Otomotif,ACTIVE
702,PROD00702,Ravena Holder HP Series 002,Ravena,Otomotif,ACTIVE
703,PROD00703,Kirana Holder HP Series 003,Kirana,Otomotif,ACTIVE
704,PROD00704,Ravena Pengharum Mobil Series 004,Ravena,Otomotif,ACTIVE
705,PROD00705,Elvano Sikat Detailing Series 005,Elvano,Otomotif,ACTIVE
706,PROD00706,Arunika Holder HP Series 006,Arunika,Otomotif,ACTIVE
707,PROD00707,Arunika Pengharum Mobil Series 007,Arunika,Otomotif,ACTIVE
708,PROD00708,Ravena Cover Motor Series 008,Ravena,Otomotif,ACTIVE
709,PROD00709,Velora Charger Mobil Series 009,Velora,Otomotif,ACTIVE
710,PROD00710,Mavera Sikat Detailing Series 010,Mavera,Otomotif,ACTIVE
711,PROD00711,Soluna Cover Motor Series 011,Soluna,Otomotif,ACTIVE
712,PROD00712,Nusa Sikat Detailing Series 012,Nusa,Otomotif,ACTIVE
713,PROD00713,Ravena Charger Mobil Series 013,Ravena,Otomotif,ACTIVE
714,PROD00714,Soluna Charger Mobil Series 014,Soluna,Otomotif,ACTIVE
715,PROD00715,Kirana Pengharum Mobil Series 015,Kirana,Otomotif,ACTIVE
716,PROD00716,Kirana Sikat Detailing Series 016,Kirana,Otomotif,ACTIVE
717,PROD00717,Velora Pengharum Mobil Series 017,Velora,Otomotif,ACTIVE
718,PROD00718,Nusa Holder HP Series 018,Nusa,Otomotif,ACTIVE
719,PROD00719,Arunika Lap Microfiber Series 019,Arunika,Otomotif,ACTIVE
720,PROD00720,Elvano Charger Mobil Series 020,Elvano,Otomotif,ACTIVE
721,PROD00721,Avero Lap Microfiber Series 021,Avero,Otomotif,ACTIVE
722,PROD00722,Nusa Cover Motor Series 022,Nusa,Otomotif,ACTIVE
723,PROD00723,Avero Pengharum Mobil Series 023,Avero,Otomotif,ACTIVE
724,PROD00724,Mavera Charger Mobil Series 024,Mavera,Otomotif,ACTIVE
725,PROD00725,Velora Holder HP Series 025,Velora,Otomotif,ACTIVE
726,PROD00726,Soluna Lap Microfiber Series 026,Soluna,Otomotif,ACTIVE
727,PROD00727,Elvano Pengharum Mobil Series 027,Elvano,Otomotif,ACTIVE
728,PROD00728,Velora Cover Motor Series 028,Velora,Otomotif,ACTIVE
729,PROD00729,Nusa Sikat Detailing Series 029,Nusa,Otomotif,ACTIVE
730,PROD00730,Pradana Sikat Detailing Series 030,Pradana,Otomotif,ACTIVE
731,PROD00731,Kirana Sikat Detailing Series 031,Kirana,Otomotif,ACTIVE
732,PROD00732,Mavera Sarung Jok Series 032,Mavera,Otomotif,ACTIVE
733,PROD00733,Avero Pengharum Mobil Series 033,Avero,Otomotif,ACTIVE
734,PROD00734,Nusa Kabel Jumper Series 034,Nusa,Otomotif,ACTIVE
735,PROD00735,Avero Sikat Detailing Series 035,Avero,Otomotif,ACTIVE
736,PROD00736,Pradana Holder HP Series 036,Pradana,Otomotif,ACTIVE
737,PROD00737,Avero Holder HP Series 037,Avero,Otomotif,ACTIVE
738,PROD00738,Velora Pengharum Mobil Series 038,Velora,Otomotif,ACTIVE
739,PROD00739,Kirana Kabel Jumper Series 039,Kirana,Otomotif,ACTIVE
740,PROD00740,Elvano Pengharum Mobil Series 040,Elvano,Otomotif,ACTIVE
741,PROD00741,Ravena Charger Mobil Series 041,Ravena,Otomotif,ACTIVE
742,PROD00742,Pradana Sikat Detailing Series 042,Pradana,Otomotif,ACTIVE
743,PROD00743,Arunika Charger Mobil Series 043,Arunika,Otomotif,ACTIVE
744,PROD00744,Kirana Sarung Jok Series 044,Kirana,Otomotif,ACTIVE
745,PROD00745,Avero Cover Motor Series 045,Avero,Otomotif,ACTIVE
746,PROD00746,Velora Lap Microfiber Series 046,Velora,Otomotif,ACTIVE
747,PROD00747,Arunika Cover Motor Series 047,Arunika,Otomotif,ACTIVE
748,PROD00748,Mavera Sikat Detailing Series 048,Mavera,Otomotif,ACTIVE
749,PROD00749,Ravena Kabel Jumper Series 049,Ravena,Otomotif,ACTIVE
750,PROD00750,Avero Charger Mobil Series 050,Avero,Otomotif,ACTIVE
751,PROD00751,Ravena Lap Microfiber Series 051,Ravena,Otomotif,ACTIVE
752,PROD00752,Nusa Charger Mobil Series 052,Nusa,Otomotif,ACTIVE
753,PROD00753,Arunika Lap Microfiber Series 053,Arunika,Otomotif,ACTIVE
754,PROD00754,Velora Sarung Jok Series 054,Velora,Otomotif,ACTIVE
755,PROD00755,Ravena Holder HP Series 055,Ravena,Otomotif,ACTIVE
756,PROD00756,Pradana Pengharum Mobil Series 056,Pradana,Otomotif,ACTIVE
757,PROD00757,Velora Cover Motor Series 057,Velora,Otomotif,ACTIVE
758,PROD00758,Nusa Kabel Jumper Series 058,Nusa,Otomotif,ACTIVE
759,PROD00759,Avero Kabel Jumper Series 059,Avero,Otomotif,ACTIVE
760,PROD00760,Arunika Pengharum Mobil Series 060,Arunika,Otomotif,ACTIVE
761,PROD00761,Ravena Pengharum Mobil Series 061,Ravena,Otomotif,ACTIVE
762,PROD00762,Ravena Sikat Detailing Series 062,Ravena,Otomotif,ACTIVE
763,PROD00763,Nusa Sikat Detailing Series 063,Nusa,Otomotif,ACTIVE
764,PROD00764,Mavera Cover Motor Series 064,Mavera,Otomotif,ACTIVE
765,PROD00765,Kirana Charger Mobil Series 065,Kirana,Otomotif,ACTIVE
766,PROD00766,Ravena Cover Motor Series 066,Ravena,Otomotif,ACTIVE
767,PROD00767,Avero Charger Mobil Series 067,Avero,Otomotif,ACTIVE
768,PROD00768,Soluna Sikat Detailing Series 068,Soluna,Otomotif,ACTIVE
769,PROD00769,Kirana Charger Mobil Series 069,Kirana,Otomotif,ACTIVE
770,PROD00770,Kirana Sarung Jok Series 070,Kirana,Otomotif,ACTIVE
771,PROD00771,Avero Kabel Jumper Series 071,Avero,Otomotif,ACTIVE
772,PROD00772,Nusa Lap Microfiber Series 072,Nusa,Otomotif,ACTIVE
773,PROD00773,Avero Pengharum Mobil Series 073,Avero,Otomotif,ACTIVE
774,PROD00774,Arunika Sarung Jok Series 074,Arunika,Otomotif,ACTIVE
775,PROD00775,Nusa Cover Motor Series 075,Nusa,Otomotif,ACTIVE
776,PROD00776,Velora Charger Mobil Series 076,Velora,Otomotif,ACTIVE
777,PROD00777,Mavera Cover Motor Series 077,Mavera,Otomotif,ACTIVE
778,PROD00778,Soluna Charger Mobil Series 078,Soluna,Otomotif,ACTIVE
779,PROD00779,Avero Charger Mobil Series 079,Avero,Otomotif,ACTIVE
780,PROD00780,Pradana Cover Motor Series 080,Pradana,Otomotif,ACTIVE
781,PROD00781,Kirana Kabel Jumper Series 081,Kirana,Otomotif,ACTIVE
782,PROD00782,Kirana Cover Motor Series 082,Kirana,Otomotif,ACTIVE
783,PROD00783,Ravena Lap Microfiber Series 083,Ravena,Otomotif,ACTIVE
784,PROD00784,Kirana Lap Microfiber Series 084,Kirana,Otomotif,ACTIVE
785,PROD00785,Elvano Sarung Jok Series 085,Elvano,Otomotif,ACTIVE
786,PROD00786,Mavera Charger Mobil Series 086,Mavera,Otomotif,ACTIVE
787,PROD00787,Nusa Cover Motor Series 087,Nusa,Otomotif,ACTIVE
788,PROD00788,Elvano Charger Mobil Series 088,Elvano,Otomotif,ACTIVE
789,PROD00789,Nusa Lap Microfiber Series 089,Nusa,Otomotif,ACTIVE
790,PROD00790,Kirana Cover Motor Series 090,Kirana,Otomotif,ACTIVE
791,PROD00791,Pradana Sarung Jok Series 091,Pradana,Otomotif,ACTIVE
792,PROD00792,Pradana Sarung Jok Series 092,Pradana,Otomotif,ACTIVE
793,PROD00793,Pradana Pengharum Mobil Series 093,Pradana,Otomotif,ACTIVE
794,PROD00794,Avero Cover Motor Series 094,Avero,Otomotif,ACTIVE
795,PROD00795,Kirana Sikat Detailing Series 095,Kirana,Otomotif,ACTIVE
796,PROD00796,Pradana Sarung Jok Series 096,Pradana,Otomotif,ACTIVE
797,PROD00797,Ravena Lap Microfiber Series 097,Ravena,Otomotif,ACTIVE
798,PROD00798,Soluna Kabel Jumper Series 098,Soluna,Otomotif,ACTIVE
799,PROD00799,Arunika Pengharum Mobil Series 099,Arunika,Otomotif,ACTIVE
800,PROD00800,Soluna Charger Mobil Series 100,Soluna,Otomotif,ACTIVE
