date_key,full_date,day,month_number,month_name,quarter,year,iso_week,day_name,is_weekend
1,2025-01-01,1,1,January,1,2025,1,Wednesday,N
2,2025-01-02,2,1,January,1,2025,1,Thursday,N
3,2025-01-03,3,1,January,1,2025,1,Friday,N
4,2025-01-04,4,1,January,1,2025,1,Saturday,Y
5,2025-01-05,5,1,January,1,2025,1,Sunday,Y
6,2025-01-06,6,1,January,1,2025,2,Monday,N
7,2025-01-07,7,1,January,1,2025,2,Tuesday,N
8,2025-01-08,8,1,January,1,2025,2,Wednesday,N
9,2025-01-09,9,1,January,1,2025,2,Thursday,N
10,2025-01-10,10,1,January,1,2025,2,Friday,N
11,2025-01-11,11,1,January,1,2025,2,Saturday,Y
12,2025-01-12,12,1,January,1,2025,2,Sunday,Y
13,2025-01-13,13,1,January,1,2025,3,Monday,N
14,2025-01-14,14,1,January,1,2025,3,Tuesday,N
15,2025-01-15,15,1,January,1,2025,3,Wednesday,N
16,2025-01-16,16,1,January,1,2025,3,Thursday,N
17,2025-01-17,17,1,January,1,2025,3,Friday,N
18,2025-01-18,18,1,January,1,2025,3,Saturday,Y
19,2025-01-19,19,1,January,1,2025,3,Sunday,Y
20,2025-01-20,20,1,January,1,2025,4,Monday,N
21,2025-01-21,21,1,January,1,2025,4,Tuesday,N
22,2025-01-22,22,1,January,1,2025,4,Wednesday,N
23,2025-01-23,23,1,January,1,2025,4,Thursday,N
24,2025-01-24,24,1,January,1,2025,4,Friday,N
25,2025-01-25,25,1,January,1,2025,4,Saturday,Y
26,2025-01-26,26,1,January,1,2025,4,Sunday,Y
27,2025-01-27,27,1,January,1,2025,5,Monday,N
28,2025-01-28,28,1,January,1,2025,5,Tuesday,N
29,2025-01-29,29,1,January,1,2025,5,Wednesday,N
30,2025-01-30,30,1,January,1,2025,5,Thursday,N
31,2025-01-31,31,1,January,1,2025,5,Friday,N
32,2025-02-01,1,2,February,1,2025,5,Saturday,Y
33,2025-02-02,2,2,February,1,2025,5,Sunday,Y
34,2025-02-03,3,2,February,1,2025,6,Monday,N
35,2025-02-04,4,2,February,1,2025,6,Tuesday,N
36,2025-02-05,5,2,February,1,2025,6,Wednesday,N
37,2025-02-06,6,2,February,1,2025,6,Thursday,N
38,2025-02-07,7,2,February,1,2025,6,Friday,N
39,2025-02-08,8,2,February,1,2025,6,Saturday,Y
40,2025-02-09,9,2,February,1,2025,6,Sunday,Y
41,2025-02-10,10,2,February,1,2025,7,Monday,N
42,2025-02-11,11,2,February,1,2025,7,Tuesday,N
43,2025-02-12,12,2,February,1,2025,7,Wednesday,N
44,2025-02-13,13,2,February,1,2025,7,Thursday,N
45,2025-02-14,14,2,February,1,2025,7,Friday,N
46,2025-02-15,15,2,February,1,2025,7,Saturday,Y
47,2025-02-16,16,2,February,1,2025,7,Sunday,Y
48,2025-02-17,17,2,February,1,2025,8,Monday,N
49,2025-02-18,18,2,February,1,2025,8,Tuesday,N
50,2025-02-19,19,2,February,1,2025,8,Wednesday,N
51,2025-02-20,20,2,February,1,2025,8,Thursday,N
52,2025-02-21,21,2,February,1,2025,8,Friday,N
53,2025-02-22,22,2,February,1,2025,8,Saturday,Y
54,2025-02-23,23,2,February,1,2025,8,Sunday,Y
55,2025-02-24,24,2,February,1,2025,9,Monday,N
56,2025-02-25,25,2,February,1,2025,9,Tuesday,N
57,2025-02-26,26,2,February,1,2025,9,Wednesday,N
58,2025-02-27,27,2,February,1,2025,9,Thursday,N
59,2025-02-28,28,2,February,1,2025,9,Friday,N
60,2025-03-01,1,3,March,1,2025,9,Saturday,Y
61,2025-03-02,2,3,March,1,2025,9,Sunday,Y
62,2025-03-03,3,3,March,1,2025,10,Monday,N
63,2025-03-04,4,3,March,1,2025,10,Tuesday,N
64,2025-03-05,5,3,March,1,2025,10,Wednesday,N
65,2025-03-06,6,3,March,1,2025,10,Thursday,N
66,2025-03-07,7,3,March,1,2025,10,Friday,N
67,2025-03-08,8,3,March,1,2025,10,Saturday,Y
68,2025-03-09,9,3,March,1,2025,10,Sunday,Y
69,2025-03-10,10,3,March,1,2025,11,Monday,N
70,2025-03-11,11,3,March,1,2025,11,Tuesday,N
71,2025-03-12,12,3,March,1,2025,11,Wednesday,N
72,2025-03-13,13,3,March,1,2025,11,Thursday,N
73,2025-03-14,14,3,March,1,2025,11,Friday,N
74,2025-03-15,15,3,March,1,2025,11,Saturday,Y
75,2025-03-16,16,3,March,1,2025,11,Sunday,Y
76,2025-03-17,17,3,March,1,2025,12,Monday,N
77,2025-03-18,18,3,March,1,2025,12,Tuesday,N
78,2025-03-19,19,3,March,1,2025,12,Wednesday,N
79,2025-03-20,20,3,March,1,2025,12,Thursday,N
80,2025-03-21,21,3,March,1,2025,12,Friday,N
81,2025-03-22,22,3,March,1,2025,12,Saturday,Y
82,2025-03-23,23,3,March,1,2025,12,Sunday,Y
83,2025-03-24,24,3,March,1,2025,13,Monday,N
84,2025-03-25,25,3,March,1,2025,13,Tuesday,N
85,2025-03-26,26,3,March,1,2025,13,Wednesday,N
86,2025-03-27,27,3,March,1,2025,13,Thursday,N
87,2025-03-28,28,3,March,1,2025,13,Friday,N
88,2025-03-29,29,3,March,1,2025,13,Saturday,Y
89,2025-03-30,30,3,March,1,2025,13,Sunday,Y
90,2025-03-31,31,3,March,1,2025,14,Monday,N
91,2025-04-01,1,4,April,2,2025,14,Tuesday,N
92,2025-04-02,2,4,April,2,2025,14,Wednesday,N
93,2025-04-03,3,4,April,2,2025,14,Thursday,N
94,2025-04-04,4,4,April,2,2025,14,Friday,N
95,2025-04-05,5,4,April,2,2025,14,Saturday,Y
96,2025-04-06,6,4,April,2,2025,14,Sunday,Y
97,2025-04-07,7,4,April,2,2025,15,Monday,N
98,2025-04-08,8,4,April,2,2025,15,Tuesday,N
99,2025-04-09,9,4,April,2,2025,15,Wednesday,N
100,2025-04-10,10,4,April,2,2025,15,Thursday,N
101,2025-04-11,11,4,April,2,2025,15,Friday,N
102,2025-04-12,12,4,April,2,2025,15,Saturday,Y
103,2025-04-13,13,4,April,2,2025,15,Sunday,Y
104,2025-04-14,14,4,April,2,2025,16,Monday,N
105,2025-04-15,15,4,April,2,2025,16,Tuesday,N
106,2025-04-16,16,4,April,2,2025,16,Wednesday,N
107,2025-04-17,17,4,April,2,2025,16,Thursday,N
108,2025-04-18,18,4,April,2,2025,16,Friday,N
109,2025-04-19,19,4,April,2,2025,16,Saturday,Y
110,2025-04-20,20,4,April,2,2025,16,Sunday,Y
111,2025-04-21,21,4,April,2,2025,17,Monday,N
112,2025-04-22,22,4,April,2,2025,17,Tuesday,N
113,2025-04-23,23,4,April,2,2025,17,Wednesday,N
114,2025-04-24,24,4,April,2,2025,17,Thursday,N
115,2025-04-25,25,4,April,2,2025,17,Friday,N
116,2025-04-26,26,4,April,2,2025,17,Saturday,Y
117,2025-04-27,27,4,April,2,2025,17,Sunday,Y
118,2025-04-28,28,4,April,2,2025,18,Monday,N
119,2025-04-29,29,4,April,2,2025,18,Tuesday,N
120,2025-04-30,30,4,April,2,2025,18,Wednesday,N
121,2025-05-01,1,5,May,2,2025,18,Thursday,N
122,2025-05-02,2,5,May,2,2025,18,Friday,N
123,2025-05-03,3,5,May,2,2025,18,Saturday,Y
124,2025-05-04,4,5,May,2,2025,18,Sunday,Y
125,2025-05-05,5,5,May,2,2025,19,Monday,N
126,2025-05-06,6,5,May,2,2025,19,Tuesday,N
127,2025-05-07,7,5,May,2,2025,19,Wednesday,N
128,2025-05-08,8,5,May,2,2025,19,Thursday,N
129,2025-05-09,9,5,May,2,2025,19,Friday,N
130,2025-05-10,10,5,May,2,2025,19,Saturday,Y
131,2025-05-11,11,5,May,2,2025,19,Sunday,Y
132,2025-05-12,12,5,May,2,2025,20,Monday,N
133,2025-05-13,13,5,May,2,2025,20,Tuesday,N
134,2025-05-14,14,5,May,2,2025,20,Wednesday,N
135,2025-05-15,15,5,May,2,2025,20,Thursday,N
136,2025-05-16,16,5,May,2,2025,20,Friday,N
137,2025-05-17,17,5,May,2,2025,20,Saturday,Y
138,2025-05-18,18,5,May,2,2025,20,Sunday,Y
139,2025-05-19,19,5,May,2,2025,21,Monday,N
140,2025-05-20,20,5,May,2,2025,21,Tuesday,N
141,2025-05-21,21,5,May,2,2025,21,Wednesday,N
142,2025-05-22,22,5,May,2,2025,21,Thursday,N
143,2025-05-23,23,5,May,2,2025,21,Friday,N
144,2025-05-24,24,5,May,2,2025,21,Saturday,Y
145,2025-05-25,25,5,May,2,2025,21,Sunday,Y
146,2025-05-26,26,5,May,2,2025,22,Monday,N
147,2025-05-27,27,5,May,2,2025,22,Tuesday,N
148,2025-05-28,28,5,May,2,2025,22,Wednesday,N
149,2025-05-29,29,5,May,2,2025,22,Thursday,N
150,2025-05-30,30,5,May,2,2025,22,Friday,N
151,2025-05-31,31,5,May,2,2025,22,Saturday,Y
152,2025-06-01,1,6,June,2,2025,22,Sunday,Y
153,2025-06-02,2,6,June,2,2025,23,Monday,N
154,2025-06-03,3,6,June,2,2025,23,Tuesday,N
155,2025-06-04,4,6,June,2,2025,23,Wednesday,N
156,2025-06-05,5,6,June,2,2025,23,Thursday,N
157,2025-06-06,6,6,June,2,2025,23,Friday,N
158,2025-06-07,7,6,June,2,2025,23,Saturday,Y
159,2025-06-08,8,6,June,2,2025,23,Sunday,Y
160,2025-06-09,9,6,June,2,2025,24,Monday,N
161,2025-06-10,10,6,June,2,2025,24,Tuesday,N
162,2025-06-11,11,6,June,2,2025,24,Wednesday,N
163,2025-06-12,12,6,June,2,2025,24,Thursday,N
164,2025-06-13,13,6,June,2,2025,24,Friday,N
165,2025-06-14,14,6,June,2,2025,24,Saturday,Y
166,2025-06-15,15,6,June,2,2025,24,Sunday,Y
167,2025-06-16,16,6,June,2,2025,25,Monday,N
168,2025-06-17,17,6,June,2,2025,25,Tuesday,N
169,2025-06-18,18,6,June,2,2025,25,Wednesday,N
170,2025-06-19,19,6,June,2,2025,25,Thursday,N
171,2025-06-20,20,6,June,2,2025,25,Friday,N
172,2025-06-21,21,6,June,2,2025,25,Saturday,Y
173,2025-06-22,22,6,June,2,2025,25,Sunday,Y
174,2025-06-23,23,6,June,2,2025,26,Monday,N
175,2025-06-24,24,6,June,2,2025,26,Tuesday,N
176,2025-06-25,25,6,June,2,2025,26,Wednesday,N
177,2025-06-26,26,6,June,2,2025,26,Thursday,N
178,2025-06-27,27,6,June,2,2025,26,Friday,N
179,2025-06-28,28,6,June,2,2025,26,Saturday,Y
180,2025-06-29,29,6,June,2,2025,26,Sunday,Y
181,2025-06-30,30,6,June,2,2025,27,Monday,N
182,2025-07-01,1,7,July,3,2025,27,Tuesday,N
183,2025-07-02,2,7,July,3,2025,27,Wednesday,N
184,2025-07-03,3,7,July,3,2025,27,Thursday,N
185,2025-07-04,4,7,July,3,2025,27,Friday,N
186,2025-07-05,5,7,July,3,2025,27,Saturday,Y
187,2025-07-06,6,7,July,3,2025,27,Sunday,Y
188,2025-07-07,7,7,July,3,2025,28,Monday,N
189,2025-07-08,8,7,July,3,2025,28,Tuesday,N
190,2025-07-09,9,7,July,3,2025,28,Wednesday,N
191,2025-07-10,10,7,July,3,2025,28,Thursday,N
192,2025-07-11,11,7,July,3,2025,28,Friday,N
193,2025-07-12,12,7,July,3,2025,28,Saturday,Y
194,2025-07-13,13,7,July,3,2025,28,Sunday,Y
195,2025-07-14,14,7,July,3,2025,29,Monday,N
196,2025-07-15,15,7,July,3,2025,29,Tuesday,N
197,2025-07-16,16,7,July,3,2025,29,Wednesday,N
198,2025-07-17,17,7,July,3,2025,29,Thursday,N
199,2025-07-18,18,7,July,3,2025,29,Friday,N
200,2025-07-19,19,7,July,3,2025,29,Saturday,Y
201,2025-07-20,20,7,July,3,2025,29,Sunday,Y
202,2025-07-21,21,7,July,3,2025,30,Monday,N
203,2025-07-22,22,7,July,3,2025,30,Tuesday,N
204,2025-07-23,23,7,July,3,2025,30,Wednesday,N
205,2025-07-24,24,7,July,3,2025,30,Thursday,N
206,2025-07-25,25,7,July,3,2025,30,Friday,N
207,2025-07-26,26,7,July,3,2025,30,Saturday,Y
208,2025-07-27,27,7,July,3,2025,30,Sunday,Y
209,2025-07-28,28,7,July,3,2025,31,Monday,N
210,2025-07-29,29,7,July,3,2025,31,Tuesday,N
211,2025-07-30,30,7,July,3,2025,31,Wednesday,N
212,2025-07-31,31,7,July,3,2025,31,Thursday,N
213,2025-08-01,1,8,August,3,2025,31,Friday,N
214,2025-08-02,2,8,August,3,2025,31,Saturday,Y
215,2025-08-03,3,8,August,3,2025,31,Sunday,Y
216,2025-08-04,4,8,August,3,2025,32,Monday,N
217,2025-08-05,5,8,August,3,2025,32,Tuesday,N
218,2025-08-06,6,8,August,3,2025,32,Wednesday,N
219,2025-08-07,7,8,August,3,2025,32,Thursday,N
220,2025-08-08,8,8,August,3,2025,32,Friday,N
221,2025-08-09,9,8,August,3,2025,32,Saturday,Y
222,2025-08-10,10,8,August,3,2025,32,Sunday,Y
223,2025-08-11,11,8,August,3,2025,33,Monday,N
224,2025-08-12,12,8,August,3,2025,33,Tuesday,N
225,2025-08-13,13,8,August,3,2025,33,Wednesday,N
226,2025-08-14,14,8,August,3,2025,33,Thursday,N
227,2025-08-15,15,8,August,3,2025,33,Friday,N
228,2025-08-16,16,8,August,3,2025,33,Saturday,Y
229,2025-08-17,17,8,August,3,2025,33,Sunday,Y
230,2025-08-18,18,8,August,3,2025,34,Monday,N
231,2025-08-19,19,8,August,3,2025,34,Tuesday,N
232,2025-08-20,20,8,August,3,2025,34,Wednesday,N
233,2025-08-21,21,8,August,3,2025,34,Thursday,N
234,2025-08-22,22,8,August,3,2025,34,Friday,N
235,2025-08-23,23,8,August,3,2025,34,Saturday,Y
236,2025-08-24,24,8,August,3,2025,34,Sunday,Y
237,2025-08-25,25,8,August,3,2025,35,Monday,N
238,2025-08-26,26,8,August,3,2025,35,Tuesday,N
239,2025-08-27,27,8,August,3,2025,35,Wednesday,N
240,2025-08-28,28,8,August,3,2025,35,Thursday,N
241,2025-08-29,29,8,August,3,2025,35,Friday,N
242,2025-08-30,30,8,August,3,2025,35,Saturday,Y
243,2025-08-31,31,8,August,3,2025,35,Sunday,Y
244,2025-09-01,1,9,September,3,2025,36,Monday,N
245,2025-09-02,2,9,September,3,2025,36,Tuesday,N
246,2025-09-03,3,9,September,3,2025,36,Wednesday,N
247,2025-09-04,4,9,September,3,2025,36,Thursday,N
248,2025-09-05,5,9,September,3,2025,36,Friday,N
249,2025-09-06,6,9,September,3,2025,36,Saturday,Y
250,2025-09-07,7,9,September,3,2025,36,Sunday,Y
251,2025-09-08,8,9,September,3,2025,37,Monday,N
252,2025-09-09,9,9,September,3,2025,37,Tuesday,N
253,2025-09-10,10,9,September,3,2025,37,Wednesday,N
254,2025-09-11,11,9,September,3,2025,37,Thursday,N
255,2025-09-12,12,9,September,3,2025,37,Friday,N
256,2025-09-13,13,9,September,3,2025,37,Saturday,Y
257,2025-09-14,14,9,September,3,2025,37,Sunday,Y
258,2025-09-15,15,9,September,3,2025,38,Monday,N
259,2025-09-16,16,9,September,3,2025,38,Tuesday,N
260,2025-09-17,17,9,September,3,2025,38,Wednesday,N
261,2025-09-18,18,9,September,3,2025,38,Thursday,N
262,2025-09-19,19,9,September,3,2025,38,Friday,N
263,2025-09-20,20,9,September,3,2025,38,Saturday,Y
264,2025-09-21,21,9,September,3,2025,38,Sunday,Y
265,2025-09-22,22,9,September,3,2025,39,Monday,N
266,2025-09-23,23,9,September,3,2025,39,Tuesday,N
267,2025-09-24,24,9,September,3,2025,39,Wednesday,N
268,2025-09-25,25,9,September,3,2025,39,Thursday,N
269,2025-09-26,26,9,September,3,2025,39,Friday,N
270,2025-09-27,27,9,September,3,2025,39,Saturday,Y
271,2025-09-28,28,9,September,3,2025,39,Sunday,Y
272,2025-09-29,29,9,September,3,2025,40,Monday,N
273,2025-09-30,30,9,September,3,2025,40,Tuesday,N
274,2025-10-01,1,10,October,4,2025,40,Wednesday,N
275,2025-10-02,2,10,October,4,2025,40,Thursday,N
276,2025-10-03,3,10,October,4,2025,40,Friday,N
277,2025-10-04,4,10,October,4,2025,40,Saturday,Y
278,2025-10-05,5,10,October,4,2025,40,Sunday,Y
279,2025-10-06,6,10,October,4,2025,41,Monday,N
280,2025-10-07,7,10,October,4,2025,41,Tuesday,N
281,2025-10-08,8,10,October,4,2025,41,Wednesday,N
282,2025-10-09,9,10,October,4,2025,41,Thursday,N
283,2025-10-10,10,10,October,4,2025,41,Friday,N
284,2025-10-11,11,10,October,4,2025,41,Saturday,Y
285,2025-10-12,12,10,October,4,2025,41,Sunday,Y
286,2025-10-13,13,10,October,4,2025,42,Monday,N
287,2025-10-14,14,10,October,4,2025,42,Tuesday,N
288,2025-10-15,15,10,October,4,2025,42,Wednesday,N
289,2025-10-16,16,10,October,4,2025,42,Thursday,N
290,2025-10-17,17,10,October,4,2025,42,Friday,N
291,2025-10-18,18,10,October,4,2025,42,Saturday,Y
292,2025-10-19,19,10,October,4,2025,42,Sunday,Y
293,2025-10-20,20,10,October,4,2025,43,Monday,N
294,2025-10-21,21,10,October,4,2025,43,Tuesday,N
295,2025-10-22,22,10,October,4,2025,43,Wednesday,N
296,2025-10-23,23,10,October,4,2025,43,Thursday,N
297,2025-10-24,24,10,October,4,2025,43,Friday,N
298,2025-10-25,25,10,October,4,2025,43,Saturday,Y
299,2025-10-26,26,10,October,4,2025,43,Sunday,Y
300,2025-10-27,27,10,October,4,2025,44,Monday,N
301,2025-10-28,28,10,October,4,2025,44,Tuesday,N
302,2025-10-29,29,10,October,4,2025,44,Wednesday,N
303,2025-10-30,30,10,October,4,2025,44,Thursday,N
304,2025-10-31,31,10,October,4,2025,44,Friday,N
305,2025-11-01,1,11,November,4,2025,44,Saturday,Y
306,2025-11-02,2,11,November,4,2025,44,Sunday,Y
307,2025-11-03,3,11,November,4,2025,45,Monday,N
308,2025-11-04,4,11,November,4,2025,45,Tuesday,N
309,2025-11-05,5,11,November,4,2025,45,Wednesday,N
310,2025-11-06,6,11,November,4,2025,45,Thursday,N
311,2025-11-07,7,11,November,4,2025,45,Friday,N
312,2025-11-08,8,11,November,4,2025,45,Saturday,Y
313,2025-11-09,9,11,November,4,2025,45,Sunday,Y
314,2025-11-10,10,11,November,4,2025,46,Monday,N
315,2025-11-11,11,11,November,4,2025,46,Tuesday,N
316,2025-11-12,12,11,November,4,2025,46,Wednesday,N
317,2025-11-13,13,11,November,4,2025,46,Thursday,N
318,2025-11-14,14,11,November,4,2025,46,Friday,N
319,2025-11-15,15,11,November,4,2025,46,Saturday,Y
320,2025-11-16,16,11,November,4,2025,46,Sunday,Y
321,2025-11-17,17,11,November,4,2025,47,Monday,N
322,2025-11-18,18,11,November,4,2025,47,Tuesday,N
323,2025-11-19,19,11,November,4,2025,47,Wednesday,N
324,2025-11-20,20,11,November,4,2025,47,Thursday,N
325,2025-11-21,21,11,November,4,2025,47,Friday,N
326,2025-11-22,22,11,November,4,2025,47,Saturday,Y
327,2025-11-23,23,11,November,4,2025,47,Sunday,Y
328,2025-11-24,24,11,November,4,2025,48,Monday,N
329,2025-11-25,25,11,November,4,2025,48,Tuesday,N
330,2025-11-26,26,11,November,4,2025,48,Wednesday,N
331,2025-11-27,27,11,November,4,2025,48,Thursday,N
332,2025-11-28,28,11,November,4,2025,48,Friday,N
333,2025-11-29,29,11,November,4,2025,48,Saturday,Y
334,2025-11-30,30,11,November,4,2025,48,Sunday,Y
335,2025-12-01,1,12,December,4,2025,49,Monday,N
336,2025-12-02,2,12,December,4,2025,49,Tuesday,N
337,2025-12-03,3,12,December,4,2025,49,Wednesday,N
338,2025-12-04,4,12,December,4,2025,49,Thursday,N
339,2025-12-05,5,12,December,4,2025,49,Friday,N
340,2025-12-06,6,12,December,4,2025,49,Saturday,Y
341,2025-12-07,7,12,December,4,2025,49,Sunday,Y
342,2025-12-08,8,12,December,4,2025,50,Monday,N
343,2025-12-09,9,12,December,4,2025,50,Tuesday,N
344,2025-12-10,10,12,December,4,2025,50,Wednesday,N
345,2025-12-11,11,12,December,4,2025,50,Thursday,N
346,2025-12-12,12,12,December,4,2025,50,Friday,N
347,2025-12-13,13,12,December,4,2025,50,Saturday,Y
348,2025-12-14,14,12,December,4,2025,50,Sunday,Y
349,2025-12-15,15,12,December,4,2025,51,Monday,N
350,2025-12-16,16,12,December,4,2025,51,Tuesday,N
351,2025-12-17,17,12,December,4,2025,51,Wednesday,N
352,2025-12-18,18,12,December,4,2025,51,Thursday,N
353,2025-12-19,19,12,December,4,2025,51,Friday,N
354,2025-12-20,20,12,December,4,2025,51,Saturday,Y
355,2025-12-21,21,12,December,4,2025,51,Sunday,Y
356,2025-12-22,22,12,December,4,2025,52,Monday,N
357,2025-12-23,23,12,December,4,2025,52,Tuesday,N
358,2025-12-24,24,12,December,4,2025,52,Wednesday,N
359,2025-12-25,25,12,December,4,2025,52,Thursday,N
360,2025-12-26,26,12,December,4,2025,52,Friday,N
361,2025-12-27,27,12,December,4,2025,52,Saturday,Y
362,2025-12-28,28,12,December,4,2025,52,Sunday,Y
363,2025-12-29,29,12,December,4,2025,1,Monday,N
364,2025-12-30,30,12,December,4,2025,1,Tuesday,N
365,2025-12-31,31,12,December,4,2025,1,Wednesday,N
366,2026-01-01,1,1,January,1,2026,1,Thursday,N
367,2026-01-02,2,1,January,1,2026,1,Friday,N
368,2026-01-03,3,1,January,1,2026,1,Saturday,Y
369,2026-01-04,4,1,January,1,2026,1,Sunday,Y
370,2026-01-05,5,1,January,1,2026,2,Monday,N
371,2026-01-06,6,1,January,1,2026,2,Tuesday,N
372,2026-01-07,7,1,January,1,2026,2,Wednesday,N
373,2026-01-08,8,1,January,1,2026,2,Thursday,N
374,2026-01-09,9,1,January,1,2026,2,Friday,N
375,2026-01-10,10,1,January,1,2026,2,Saturday,Y
376,2026-01-11,11,1,January,1,2026,2,Sunday,Y
377,2026-01-12,12,1,January,1,2026,3,Monday,N
378,2026-01-13,13,1,January,1,2026,3,Tuesday,N
379,2026-01-14,14,1,January,1,2026,3,Wednesday,N
380,2026-01-15,15,1,January,1,2026,3,Thursday,N
381,2026-01-16,16,1,January,1,2026,3,Friday,N
382,2026-01-17,17,1,January,1,2026,3,Saturday,Y
383,2026-01-18,18,1,January,1,2026,3,Sunday,Y
384,2026-01-19,19,1,January,1,2026,4,Monday,N
385,2026-01-20,20,1,January,1,2026,4,Tuesday,N
386,2026-01-21,21,1,January,1,2026,4,Wednesday,N
387,2026-01-22,22,1,January,1,2026,4,Thursday,N
388,2026-01-23,23,1,January,1,2026,4,Friday,N
389,2026-01-24,24,1,January,1,2026,4,Saturday,Y
390,2026-01-25,25,1,January,1,2026,4,Sunday,Y
391,2026-01-26,26,1,January,1,2026,5,Monday,N
392,2026-01-27,27,1,January,1,2026,5,Tuesday,N
393,2026-01-28,28,1,January,1,2026,5,Wednesday,N
394,2026-01-29,29,1,January,1,2026,5,Thursday,N
395,2026-01-30,30,1,January,1,2026,5,Friday,N
396,2026-01-31,31,1,January,1,2026,5,Saturday,Y
397,2026-02-01,1,2,February,1,2026,5,Sunday,Y
398,2026-02-02,2,2,February,1,2026,6,Monday,N
399,2026-02-03,3,2,February,1,2026,6,Tuesday,N
400,2026-02-04,4,2,February,1,2026,6,Wednesday,N
401,2026-02-05,5,2,February,1,2026,6,Thursday,N
402,2026-02-06,6,2,February,1,2026,6,Friday,N
403,2026-02-07,7,2,February,1,2026,6,Saturday,Y
404,2026-02-08,8,2,February,1,2026,6,Sunday,Y
405,2026-02-09,9,2,February,1,2026,7,Monday,N
406,2026-02-10,10,2,February,1,2026,7,Tuesday,N
407,2026-02-11,11,2,February,1,2026,7,Wednesday,N
408,2026-02-12,12,2,February,1,2026,7,Thursday,N
409,2026-02-13,13,2,February,1,2026,7,Friday,N
410,2026-02-14,14,2,February,1,2026,7,Saturday,Y
411,2026-02-15,15,2,February,1,2026,7,Sunday,Y
412,2026-02-16,16,2,February,1,2026,8,Monday,N
413,2026-02-17,17,2,February,1,2026,8,Tuesday,N
414,2026-02-18,18,2,February,1,2026,8,Wednesday,N
415,2026-02-19,19,2,February,1,2026,8,Thursday,N
416,2026-02-20,20,2,February,1,2026,8,Friday,N
417,2026-02-21,21,2,February,1,2026,8,Saturday,Y
418,2026-02-22,22,2,February,1,2026,8,Sunday,Y
419,2026-02-23,23,2,February,1,2026,9,Monday,N
420,2026-02-24,24,2,February,1,2026,9,Tuesday,N
421,2026-02-25,25,2,February,1,2026,9,Wednesday,N
422,2026-02-26,26,2,February,1,2026,9,Thursday,N
423,2026-02-27,27,2,February,1,2026,9,Friday,N
424,2026-02-28,28,2,February,1,2026,9,Saturday,Y
425,2026-03-01,1,3,March,1,2026,9,Sunday,Y
426,2026-03-02,2,3,March,1,2026,10,Monday,N
427,2026-03-03,3,3,March,1,2026,10,Tuesday,N
428,2026-03-04,4,3,March,1,2026,10,Wednesday,N
429,2026-03-05,5,3,March,1,2026,10,Thursday,N
430,2026-03-06,6,3,March,1,2026,10,Friday,N
431,2026-03-07,7,3,March,1,2026,10,Saturday,Y
432,2026-03-08,8,3,March,1,2026,10,Sunday,Y
433,2026-03-09,9,3,March,1,2026,11,Monday,N
434,2026-03-10,10,3,March,1,2026,11,Tuesday,N
435,2026-03-11,11,3,March,1,2026,11,Wednesday,N
436,2026-03-12,12,3,March,1,2026,11,Thursday,N
437,2026-03-13,13,3,March,1,2026,11,Friday,N
438,2026-03-14,14,3,March,1,2026,11,Saturday,Y
439,2026-03-15,15,3,March,1,2026,11,Sunday,Y
440,2026-03-16,16,3,March,1,2026,12,Monday,N
441,2026-03-17,17,3,March,1,2026,12,Tuesday,N
442,2026-03-18,18,3,March,1,2026,12,Wednesday,N
443,2026-03-19,19,3,March,1,2026,12,Thursday,N
444,2026-03-20,20,3,March,1,2026,12,Friday,N
445,2026-03-21,21,3,March,1,2026,12,Saturday,Y
446,2026-03-22,22,3,March,1,2026,12,Sunday,Y
447,2026-03-23,23,3,March,1,2026,13,Monday,N
448,2026-03-24,24,3,March,1,2026,13,Tuesday,N
449,2026-03-25,25,3,March,1,2026,13,Wednesday,N
450,2026-03-26,26,3,March,1,2026,13,Thursday,N
451,2026-03-27,27,3,March,1,2026,13,Friday,N
452,2026-03-28,28,3,March,1,2026,13,Saturday,Y
453,2026-03-29,29,3,March,1,2026,13,Sunday,Y
454,2026-03-30,30,3,March,1,2026,14,Monday,N
455,2026-03-31,31,3,March,1,2026,14,Tuesday,N
456,2026-04-01,1,4,April,2,2026,14,Wednesday,N
457,2026-04-02,2,4,April,2,2026,14,Thursday,N
458,2026-04-03,3,4,April,2,2026,14,Friday,N
459,2026-04-04,4,4,April,2,2026,14,Saturday,Y
460,2026-04-05,5,4,April,2,2026,14,Sunday,Y
461,2026-04-06,6,4,April,2,2026,15,Monday,N
462,2026-04-07,7,4,April,2,2026,15,Tuesday,N
463,2026-04-08,8,4,April,2,2026,15,Wednesday,N
464,2026-04-09,9,4,April,2,2026,15,Thursday,N
465,2026-04-10,10,4,April,2,2026,15,Friday,N
466,2026-04-11,11,4,April,2,2026,15,Saturday,Y
467,2026-04-12,12,4,April,2,2026,15,Sunday,Y
468,2026-04-13,13,4,April,2,2026,16,Monday,N
469,2026-04-14,14,4,April,2,2026,16,Tuesday,N
470,2026-04-15,15,4,April,2,2026,16,Wednesday,N
471,2026-04-16,16,4,April,2,2026,16,Thursday,N
472,2026-04-17,17,4,April,2,2026,16,Friday,N
473,2026-04-18,18,4,April,2,2026,16,Saturday,Y
474,2026-04-19,19,4,April,2,2026,16,Sunday,Y
475,2026-04-20,20,4,April,2,2026,17,Monday,N
476,2026-04-21,21,4,April,2,2026,17,Tuesday,N
477,2026-04-22,22,4,April,2,2026,17,Wednesday,N
478,2026-04-23,23,4,April,2,2026,17,Thursday,N
479,2026-04-24,24,4,April,2,2026,17,Friday,N
480,2026-04-25,25,4,April,2,2026,17,Saturday,Y
481,2026-04-26,26,4,April,2,2026,17,Sunday,Y
482,2026-04-27,27,4,April,2,2026,18,Monday,N
483,2026-04-28,28,4,April,2,2026,18,Tuesday,N
484,2026-04-29,29,4,April,2,2026,18,Wednesday,N
485,2026-04-30,30,4,April,2,2026,18,Thursday,N
486,2026-05-01,1,5,May,2,2026,18,Friday,N
487,2026-05-02,2,5,May,2,2026,18,Saturday,Y
488,2026-05-03,3,5,May,2,2026,18,Sunday,Y
489,2026-05-04,4,5,May,2,2026,19,Monday,N
490,2026-05-05,5,5,May,2,2026,19,Tuesday,N
491,2026-05-06,6,5,May,2,2026,19,Wednesday,N
492,2026-05-07,7,5,May,2,2026,19,Thursday,N
493,2026-05-08,8,5,May,2,2026,19,Friday,N
494,2026-05-09,9,5,May,2,2026,19,Saturday,Y
495,2026-05-10,10,5,May,2,2026,19,Sunday,Y
496,2026-05-11,11,5,May,2,2026,20,Monday,N
497,2026-05-12,12,5,May,2,2026,20,Tuesday,N
498,2026-05-13,13,5,May,2,2026,20,Wednesday,N
499,2026-05-14,14,5,May,2,2026,20,Thursday,N
500,2026-05-15,15,5,May,2,2026,20,Friday,N
501,2026-05-16,16,5,May,2,2026,20,Saturday,Y
502,2026-05-17,17,5,May,2,2026,20,Sunday,Y
503,2026-05-18,18,5,May,2,2026,21,Monday,N
504,2026-05-19,19,5,May,2,2026,21,Tuesday,N
505,2026-05-20,20,5,May,2,2026,21,Wednesday,N
506,2026-05-21,21,5,May,2,2026,21,Thursday,N
507,2026-05-22,22,5,May,2,2026,21,Friday,N
508,2026-05-23,23,5,May,2,2026,21,Saturday,Y
509,2026-05-24,24,5,May,2,2026,21,Sunday,Y
510,2026-05-25,25,5,May,2,2026,22,Monday,N
511,2026-05-26,26,5,May,2,2026,22,Tuesday,N
512,2026-05-27,27,5,May,2,2026,22,Wednesday,N
513,2026-05-28,28,5,May,2,2026,22,Thursday,N
514,2026-05-29,29,5,May,2,2026,22,Friday,N
515,2026-05-30,30,5,May,2,2026,22,Saturday,Y
516,2026-05-31,31,5,May,2,2026,22,Sunday,Y
517,2026-06-01,1,6,June,2,2026,23,Monday,N
518,2026-06-02,2,6,June,2,2026,23,Tuesday,N
519,2026-06-03,3,6,June,2,2026,23,Wednesday,N
520,2026-06-04,4,6,June,2,2026,23,Thursday,N
521,2026-06-05,5,6,June,2,2026,23,Friday,N
522,2026-06-06,6,6,June,2,2026,23,Saturday,Y
523,2026-06-07,7,6,June,2,2026,23,Sunday,Y
524,2026-06-08,8,6,June,2,2026,24,Monday,N
525,2026-06-09,9,6,June,2,2026,24,Tuesday,N
526,2026-06-10,10,6,June,2,2026,24,Wednesday,N
527,2026-06-11,11,6,June,2,2026,24,Thursday,N
528,2026-06-12,12,6,June,2,2026,24,Friday,N
529,2026-06-13,13,6,June,2,2026,24,Saturday,Y
530,2026-06-14,14,6,June,2,2026,24,Sunday,Y
531,2026-06-15,15,6,June,2,2026,25,Monday,N
532,2026-06-16,16,6,June,2,2026,25,Tuesday,N
533,2026-06-17,17,6,June,2,2026,25,Wednesday,N
534,2026-06-18,18,6,June,2,2026,25,Thursday,N
535,2026-06-19,19,6,June,2,2026,25,Friday,N
536,2026-06-20,20,6,June,2,2026,25,Saturday,Y
537,2026-06-21,21,6,June,2,2026,25,Sunday,Y
538,2026-06-22,22,6,June,2,2026,26,Monday,N
539,2026-06-23,23,6,June,2,2026,26,Tuesday,N
540,2026-06-24,24,6,June,2,2026,26,Wednesday,N
541,2026-06-25,25,6,June,2,2026,26,Thursday,N
542,2026-06-26,26,6,June,2,2026,26,Friday,N
543,2026-06-27,27,6,June,2,2026,26,Saturday,Y
544,2026-06-28,28,6,June,2,2026,26,Sunday,Y
545,2026-06-29,29,6,June,2,2026,27,Monday,N
546,2026-06-30,30,6,June,2,2026,27,Tuesday,N
547,2026-07-01,1,7,July,3,2026,27,Wednesday,N
548,2026-07-02,2,7,July,3,2026,27,Thursday,N
549,2026-07-03,3,7,July,3,2026,27,Friday,N
550,2026-07-04,4,7,July,3,2026,27,Saturday,Y
551,2026-07-05,5,7,July,3,2026,27,Sunday,Y
552,2026-07-06,6,7,July,3,2026,28,Monday,N
553,2026-07-07,7,7,July,3,2026,28,Tuesday,N
554,2026-07-08,8,7,July,3,2026,28,Wednesday,N
555,2026-07-09,9,7,July,3,2026,28,Thursday,N
556,2026-07-10,10,7,July,3,2026,28,Friday,N
557,2026-07-11,11,7,July,3,2026,28,Saturday,Y
558,2026-07-12,12,7,July,3,2026,28,Sunday,Y
559,2026-07-13,13,7,July,3,2026,29,Monday,N
560,2026-07-14,14,7,July,3,2026,29,Tuesday,N
561,2026-07-15,15,7,July,3,2026,29,Wednesday,N
562,2026-07-16,16,7,July,3,2026,29,Thursday,N
563,2026-07-17,17,7,July,3,2026,29,Friday,N
564,2026-07-18,18,7,July,3,2026,29,Saturday,Y
565,2026-07-19,19,7,July,3,2026,29,Sunday,Y
566,2026-07-20,20,7,July,3,2026,30,Monday,N
567,2026-07-21,21,7,July,3,2026,30,Tuesday,N
568,2026-07-22,22,7,July,3,2026,30,Wednesday,N
569,2026-07-23,23,7,July,3,2026,30,Thursday,N
570,2026-07-24,24,7,July,3,2026,30,Friday,N
571,2026-07-25,25,7,July,3,2026,30,Saturday,Y
572,2026-07-26,26,7,July,3,2026,30,Sunday,Y
573,2026-07-27,27,7,July,3,2026,31,Monday,N
574,2026-07-28,28,7,July,3,2026,31,Tuesday,N
575,2026-07-29,29,7,July,3,2026,31,Wednesday,N
576,2026-07-30,30,7,July,3,2026,31,Thursday,N
577,2026-07-31,31,7,July,3,2026,31,Friday,N
578,2026-08-01,1,8,August,3,2026,31,Saturday,Y
579,2026-08-02,2,8,August,3,2026,31,Sunday,Y
580,2026-08-03,3,8,August,3,2026,32,Monday,N
581,2026-08-04,4,8,August,3,2026,32,Tuesday,N
582,2026-08-05,5,8,August,3,2026,32,Wednesday,N
583,2026-08-06,6,8,August,3,2026,32,Thursday,N
584,2026-08-07,7,8,August,3,2026,32,Friday,N
585,2026-08-08,8,8,August,3,2026,32,Saturday,Y
586,2026-08-09,9,8,August,3,2026,32,Sunday,Y
587,2026-08-10,10,8,August,3,2026,33,Monday,N
588,2026-08-11,11,8,August,3,2026,33,Tuesday,N
589,2026-08-12,12,8,August,3,2026,33,Wednesday,N
590,2026-08-13,13,8,August,3,2026,33,Thursday,N
591,2026-08-14,14,8,August,3,2026,33,Friday,N
592,2026-08-15,15,8,August,3,2026,33,Saturday,Y
593,2026-08-16,16,8,August,3,2026,33,Sunday,Y
594,2026-08-17,17,8,August,3,2026,34,Monday,N
595,2026-08-18,18,8,August,3,2026,34,Tuesday,N
596,2026-08-19,19,8,August,3,2026,34,Wednesday,N
597,2026-08-20,20,8,August,3,2026,34,Thursday,N
598,2026-08-21,21,8,August,3,2026,34,Friday,N
599,2026-08-22,22,8,August,3,2026,34,Saturday,Y
600,2026-08-23,23,8,August,3,2026,34,Sunday,Y
601,2026-08-24,24,8,August,3,2026,35,Monday,N
602,2026-08-25,25,8,August,3,2026,35,Tuesday,N
603,2026-08-26,26,8,August,3,2026,35,Wednesday,N
604,2026-08-27,27,8,August,3,2026,35,Thursday,N
605,2026-08-28,28,8,August,3,2026,35,Friday,N
606,2026-08-29,29,8,August,3,2026,35,Saturday,Y
607,2026-08-30,30,8,August,3,2026,35,Sunday,Y
608,2026-08-31,31,8,August,3,2026,36,Monday,N
609,2026-09-01,1,9,September,3,2026,36,Tuesday,N
610,2026-09-02,2,9,September,3,2026,36,Wednesday,N
611,2026-09-03,3,9,September,3,2026,36,Thursday,N
612,2026-09-04,4,9,September,3,2026,36,Friday,N
613,2026-09-05,5,9,September,3,2026,36,Saturday,Y
614,2026-09-06,6,9,September,3,2026,36,Sunday,Y
615,2026-09-07,7,9,September,3,2026,37,Monday,N
616,2026-09-08,8,9,September,3,2026,37,Tuesday,N
617,2026-09-09,9,9,September,3,2026,37,Wednesday,N
618,2026-09-10,10,9,September,3,2026,37,Thursday,N
619,2026-09-11,11,9,September,3,2026,37,Friday,N
620,2026-09-12,12,9,September,3,2026,37,Saturday,Y
621,2026-09-13,13,9,September,3,2026,37,Sunday,Y
622,2026-09-14,14,9,September,3,2026,38,Monday,N
623,2026-09-15,15,9,September,3,2026,38,Tuesday,N
624,2026-09-16,16,9,September,3,2026,38,Wednesday,N
625,2026-09-17,17,9,September,3,2026,38,Thursday,N
626,2026-09-18,18,9,September,3,2026,38,Friday,N
627,2026-09-19,19,9,September,3,2026,38,Saturday,Y
628,2026-09-20,20,9,September,3,2026,38,Sunday,Y
629,2026-09-21,21,9,September,3,2026,39,Monday,N
630,2026-09-22,22,9,September,3,2026,39,Tuesday,N
631,2026-09-23,23,9,September,3,2026,39,Wednesday,N
